Timestamp,What week are you reporting for?,Winning Team,Winning player,Winning Player's 6 Pokemon,Losing Team,Losing player,Losing Player's 6 Pokemon,Score,Game 1 Replay (or Youtube link),Game 2 Replay (or N/A if Youtube),Game 3 Replay (or N/A if no third game or Youtube)
9/21/2022 11:06:40,Week 1,Water - International,200Candies - International,Latias / Tapu Fini / Entei / Rillaboom / Stakataka / Urshifu-Single-Strike,Water - Cambridge,Reddo - Cambridge,Politoed / Urshifu-Rapid-Strike / Tsareena / Regieleki / Tornadus / Shedinja,2-0,https://replay.pokemonshowdown.com/gen8spikemuthcup-1669798615,https://replay.pokemonshowdown.com/gen8spikemuthcup-1669798777,n/a
9/21/2022 11:14:58,Week 1,Water - RIT Raikous,Shark - RIT Raikous,Nihilego / Tornadus / Tsareena / Tapu Fini / Heatran / Urshifu-Single-Strike,Water - Oxford,ClickForVictory - Oxford,Urshifu-Single-Strike / Alakazam / Tapu Lele / Suicune / Zapdos / Stakataka,2-0,https://replay.pokemonshowdown.com/gen8spikemuthcup-1669774556,https://replay.pokemonshowdown.com/gen8spikemuthcup-1669778878,N/A
9/21/2022 13:13:51,Week 1,Fire - Midwest,Whatshamidt - Midwest,Heatran / Indeedee / Hatterene / Landorus-Therian / Urshifu-Rapid-Strike / Regieleki,Fire - Akron Blue,Cellosis - Akron Blue,Mimikyu / Doublade / Amoonguss / Hatterene / Glastrier / Vikavolt,2-0,https://youtu.be/EwhTB0X-Ukc,N/A,N/A
9/21/2022 14:25:28,Week 1,Grass - South US,Tanner - South US,Sylveon / Rillaboom / Dragapult / Indeedee-F / Urshifu-Rapid-Strike / Heatran,Grass - Akron Gold,GrumpyW01f - Akron Gold,Politoed / Urshifu-Rapid-Strike / Tsareena / Tornadus / Regieleki / Shedinja,2-0,https://replay.pokemonshowdown.com/gen8spikemuthcup-1669198903,https://replay.pokemonshowdown.com/gen8spikemuthcup-1669202244,n/a
9/21/2022 15:20:55,Week 1,Water - Cambridge,FullCrimp - Cambridge,Stakataka / Zapdos / Incineroar / Tapu Fini / Rillaboom / Clefairy,Water - International,Ester - International,Regieleki / Heatran / Landorus-Therian / Urshifu-Rapid-Strike / Rillaboom / Ninetales-Alola,2-0,https://replay.pokemonshowdown.com/gen8spikemuthcup-1670011615-4w7zxnmqoaoj0ub694hl7t6ql7fdepbpw,https://replay.pokemonshowdown.com/gen8spikemuthcup-1670011805-ewrr3wssldte9qwccoc32mh5d76x3h0pw,N/A
9/21/2022 17:14:13,Week 1,Fire - Midwest,Plumber - Midwest,Urshifu-Single-Strike / Rillaboom / Incineroar / Tapu Fini / Naganadel / Whimsicott,Fire - Akron Blue,Aceee - Akron Blue,Torkoal / Indeedee-F / Hatterene / Regieleki / Landorus / Rillaboom,2-1,https://replay.pokemonshowdown.com/gen8spikemuthcup-1670091509,https://replay.pokemonshowdown.com/gen8spikemuthcup-1670095681,https://replay.pokemonshowdown.com/gen8spikemuthcup-1670098851
9/21/2022 18:45:25,Week 1,Fire - Akron Blue,Crimson - Akron Blue,Sylveon / Gastrodon-East / Dusclops / Incineroar / Regieleki / Urshifu-Single-Strike,Fire - Midwest,DeathVenum - Midwest,Incineroar / Rillaboom / Urshifu-Rapid-Strike / Glastrier / Regieleki / Dusclops,2-0,https://drive.google.com/file/d/1woCMlrUxHkc9mFu2dQBHrmnUWL5BZmDU/view?usp=sharing,https://drive.google.com/file/d/1fVt_reiAMKbBXFPmN6tcNhgmEx2X_LpH/view?usp=sharing,N/A
9/21/2022 22:36:12,Week 1,Electric - Mid Atlantic,Killua - Mid Atlantic,Incineroar / Urshifu-Rapid-Strike / Rillaboom / Regieleki / Tsareena / Mimikyu,Electric - BYU Cougars,Abuz - BYU Cougars,Rillaboom / Dragapult / Volcarona / Urshifu-Single-Strike / Clefairy / Milotic,2-0,https://replay.pokemonshowdown.com/gen8spikemuthcup-1670290955-we0y8lh31r0m0wuukp8ro5bs0hibwx3pw,https://replay.pokemonshowdown.com/gen8spikemuthcup-1670291674-97quf9c6ebphinqh85jhh3u7yel0nw0pw,N/A
9/21/2022 22:55:45,Week 1,Grass - South US,vixyn - South US,Ninetales-Alola / Avalugg / Porygon2 / Tapu-Fini / Rillaboom / Landorus,Grass - Akron Gold,Khai Ho - Akron Gold,Stakataka / Politoed / Primarina / Marowak-Alola / Weezing-Galar / Zapdos,2-1,https://replay.pokemonshowdown.com/gen8spikemuthcup-1670299899-b3m6b4mnecbl4hhzefoex85rlfseqqlpw,https://replay.pokemonshowdown.com/gen8spikemuthcup-1670302859-kqi1kryxovo91w7hso99i4k2hpfc9kmpw,https://replay.pokemonshowdown.com/gen8spikemuthcup-1670305577-pwbugp8zentgpmx2sm1b7627ie6hwrxpw
9/22/2022 18:11:32,Week 1,Electric - Mid Atlantic,Sean Gray - Mid Atlantic,Rillaboom / Urshifu-Rapid-Strike / Incineroar / Regieleki / Landorus / Togekiss,Electric - BYU Cougars,DivineBlaze - BYU Cougars,Indeedee-F / Regieleki / Incineroar / Urshifu-Rapid-Strike / Whimsicott / Tapu Koko,2-0,https://replay.pokemonshowdown.com/gen8spikemuthcup-1670976822,https://replay.pokemonshowdown.com/gen8spikemuthcup-1670981342,N/A
9/22/2022 18:52:50,Week 1,Water - Cambridge,Jamie - Cambridge,Cresselia / Rotom-Wash / Landorus-Therian / Celesteela / Conkeldurr / Torkoal,Water - International,SeaSoil - International,Tapu-Fini / Rillaboom / Landorus / Stakataka / Incineroar / Porygon2,2-1,https://replay.pokemonshowdown.com/gen8spikemuthcup-1670982993,https://replay.pokemonshowdown.com/gen8spikemuthcup-1670983115,https://replay.pokemonshowdown.com/gen8spikemuthcup-1670983254
9/22/2022 18:50:13,Week 1,Grass - South US,Connor - South US,Rillaboom / Ninetales-Alola / Cresselia / Urshifu-Rapid-Strike / Volcarona / Landorus-Therian,Grass - Akron Gold,TheRadicalChef - Akron Gold,Dracovish / Tyranitar / Amoonguss / Incineroar / Landorus / Whimsicott,2-0,https://replay.pokemonshowdown.com/gen8spikemuthcup-1671004809,https://replay.pokemonshowdown.com/gen8spikemuthcup-1671007611,NA
9/22/2022 19:09:10,Week 1,Grass - Texas Long,Squirrel - Texas Long,Hatterene / Indeedee-F / Torkoal / Landorus / Stakataka / Rillaboom,Grass - RIT Incins,Kellice - RIT Incins,Tapu-Lele / Drifblim / Urshifu-Single-Strike / Porygon2 / Araquanid / Landorus,2-0,https://replay.pokemonshowdown.com/gen8spikemuthcup-1671009295,https://replay.pokemonshowdown.com/gen8spikemuthcup-1671014791,N/A
9/23/2022 13:38:55,Week 1,Electric - Mid Atlantic,Nano - Mid Atlantic,Nihilego / Indeedee-F / Dragapult / Rotom-Heat / Urshifu-Rapid-Strike / Rillaboom,Electric - BYU Cougars,Eva - BYU Cougars,Hatterene / Indeedee-F / Ferrothorn / Torkoal / Tapu Fini / Landorus,2-1,https://replay.pokemonshowdown.com/gen8spikemuthcup-1671606150,https://replay.pokemonshowdown.com/gen8spikemuthcup-1668540881,https://replay.pokemonshowdown.com/gen8spikemuthcup-1668544069
9/23/2022 14:49:45,Week 1,Grass - RIT Incins,SceptileScythe - RIT Incins,Incineroar / Urshifu-Rapid-Strike / Kartana / Ninetales-Alola / Zapdos / Nidoqueen,Grass - Texas Long,Sain - Texas Long,Politoed / Urshifu-Rapid-Strike / Tsareena / Regieleki / Tornadus / Shedinja,2-1,https://replay.pokemonshowdown.com/gen8spikemuthcup-1668592610-3doc0fbzk1othtrmzofs5fueixevk39pw,https://replay.pokemonshowdown.com/gen8spikemuthcup-1668597040-sa1jx3y7avnewkyzdl8s8olch61xhy6pw,https://replay.pokemonshowdown.com/gen8spikemuthcup-1668600456-33f4y4yel86thxcqsrjer3dkelbzb4dpw
9/23/2022 15:30:05,Week 1,Water - RIT Raikous,ya-da-ne - RIT Raikous,Regieleki / Zapdos-Galar / Tsareena / Nihilego / Garchomp / Incineroar,Water - Oxford,Sam - Oxford,Stakataka / Zapdos-Galar / Amoonguss / Incineroar / Rillaboom / Heatran,2-0,https://replay.pokemonshowdown.com/gen8spikemuthcup-1668621979-4zbvz7obl0pizp50e23gqost3b3jdsvpw,https://replay.pokemonshowdown.com/gen8spikemuthcup-1668627324-d1b07g8f6z9g59ycctjfpzrfo3zkgxxpw,N/A
9/23/2022 18:17:11,Week 1,Electric - West Sea,Miggle.EXE - West Sea,Porygon2 / Indeedee-F / Torkoal / Venusaur / Stakataka / Zapdos-Galar,Electric - Texas Horns,Kairo - Texas Horns,Thundurus-Therian / Indeedee-F / Incineroar / Stakataka / Primarina / Rillaboom,2-0,https://replay.pokemonshowdown.com/gen8spikemuthcup-1668739417,https://replay.pokemonshowdown.com/gen8spikemuthcup-1668744485,N/A
9/23/2022 18:25:31,Week 1,Electric - West Sea,Alex - West Sea,Naganadel / Buzzwole / Thundurus / Tapu Fini / Rillaboom / Stakataka,Electric - Texas Horns,EV - Texas Horns,Urshifu-Rapid-Strike / Tsareena / Celesteela / Charizard / Torkoal / Dusclops,2-1,https://replay.pokemonshowdown.com/gen8spikemuthcup-1668738417-jl1bpzu3k0hu1s1sna4a49qh93m3afcpw,https://replay.pokemonshowdown.com/gen8spikemuthcup-1668740788-9wvkt3uqm9y34e6zpn6wgu6j9kx5dtepw,https://replay.pokemonshowdown.com/gen8spikemuthcup-1668743701-uuaxn70f4kgta67d0mib6pt5kp5ivxcpw
9/23/2022 19:05:51,Week 1,Grass - South US,2thyfor - South US,Tapu Lele / Urshifu-Rapid-Strike / Naganadel / Heatran / Amoonguss / Drifblim,Grass - Akron Gold,Vander - Akron Gold,Blacephalon / Torkoal / Venusaur / Grimmsnarl / Landorus-Therian / Snorlax,2-1,https://replay.pokemonshowdown.com/gen8spikemuthcup-1668769937-r4ttcjekypo19pzcdf1751ov2z0aefipw,https://replay.pokemonshowdown.com/gen8spikemuthcup-1668773442-az2zscepbmnavjfupwlpy7dj6xgpyl2pw,https://replay.pokemonshowdown.com/gen8spikemuthcup-1668775308-92zryz1xyxabhudq65yjbaep4chz9e5pw
9/23/2022 19:42:04,Week 1,Fire - Penn State,Thud - Penn State,Tapu Lele / Drifblim / Landorus / Heatran / Incineroar / Rillaboom,Fire - Ohio State,WeeGee - Ohio State,Drapion / Kommo-o / Amoonguss / Slowbro / Sirfetchd / Incineroar,2-0,https://replay.pokemonshowdown.com/gen8spikemuthcup-1668780867,https://replay.pokemonshowdown.com/gen8spikemuthcup-1668781958,N/A
9/23/2022 20:00:29,Week 1,Grass - RIT Incins,Bran Flakes - RIT Incins,Incineroar / Rillaboom / Landorus / Ninetales-Alola / Urshifu-Rapid-Strike / Butterfree,Grass - Texas Long,Gallon - Texas Long,Indeedee-F / Amoonguss / Porygon2 / Incineroar / Hatterene / Stakataka,2-0,https://replay.pokemonshowdown.com/gen8spikemuthcup-1668796441,https://replay.pokemonshowdown.com/gen8spikemuthcup-1668801682,N/A
9/24/2022 12:10:09,Week 1,Water - RIT Raikous,brn - RIT Raikous,Rillaboom / Incineroar / Urshifu-Rapid-Strike / Togekiss / Nihilego / Volcarona,Water - Oxford,mim - Oxford,Hatterene / Reuniclus / Toxapex / Dragonite / Celesteela / Urshifu-Rapid-Strike,2-0,https://replay.pokemonshowdown.com/gen8spikemuthcup-1669259931,https://replay.pokemonshowdown.com/gen8spikemuthcup-1669265549,N/A
9/24/2022 15:20:46,Week 1,Water - RIT Raikous,NotWarriors - RIT Raikous,Nihilego / Togekiss / Rillaboom / Urshifu-Rapid-Strike / Volcarona / Raichu,Water - Oxford,Skai - Oxford,Incineroar / Urshifu-Rapid-Strike / Rillaboom / Clefairy / Corviknight / Gastrodon,2-0,https://replay.pokemonshowdown.com/gen8spikemuthcup-1669385284-55usj7wvawl88n0zlko84jfiyajzoj0pw,https://replay.pokemonshowdown.com/gen8spikemuthcup-1669389974-emqt7lksdg75lycdwi83zuqbl8hr6ripw,N/A
9/24/2022 15:22:15,Week 1,Fire - Ohio State,Ryanhardt - Ohio State,Walrein / Gardevoir / Garchomp / Celesteela / Talonflame / Golisopod,Fire - Penn State,Haganex - Penn State,Hatterene / Indeedee-F / Torkoal / Lilligant / Stakataka / Mudsdale,2-1,https://replay.pokemonshowdown.com/gen8spikemuthcup-1669388717-licynfagsbq6p3s66tj356wn3cy37ompw,https://replay.pokemonshowdown.com/gen8spikemuthcup-1669391435-cekz17nz4u223ttizxlim1thd941nokpw,https://replay.pokemonshowdown.com/gen8spikemuthcup-1669394351-8zk6ynpddb00e5fropxsfcm7zgz7gegpw
9/24/2022 18:12:18,Week 1,Electric - Mid Atlantic,Gazoney - Mid Atlantic,Rillaboom / Urshifu-Rapid-Strike / Incineroar / Regieleki / Landorus / Togekiss,Electric - BYU Cougars,Brare - BYU Cougars,Rillaboom / Dragapult / Volcarona / Urshifu-Rapid-Strike / Clefairy / Celesteela,2-0,https://replay.pokemonshowdown.com/gen8spikemuthcup-1669496741,https://replay.pokemonshowdown.com/gen8spikemuthcup-1669501999,N/A
9/24/2022 19:08:45,Week 1,Fire - Midwest,Rinkai - Midwest,Nidoqueen / Celesteela / Whimsicott / Regieleki / Tsareena / Tapu Fini,Fire - Akron Blue,Pheges - Akron Blue,Dragapult / Urshifu-Rapid-Strike / Nihilego / Heatran / Regieleki / Kangaskhan,2-0,https://replay.pokemonshowdown.com/gen8spikemuthcup-1669533119-x2m7r58vbl0khz2ismqmstqhqlxct6xpw,https://replay.pokemonshowdown.com/gen8spikemuthcup-1669533583-6tpweb3ax569ggeja3q5iflgrlj7sllpw,n/a
9/24/2022 19:25:41,Week 1,Grass - Texas Long,Sidereus - Texas Long,Incineroar / Nihilego / Regidrago / Kartana / Tornadus / Urshifu-Rapid-Strike,Grass - RIT Incins,Murph - RIT Incins,Tapu Lele / Urshifu-Rapid-Strike / Naganadel / Amoonguss / Heatran / Drifblim,2-1,https://replay.pokemonshowdown.com/gen8spikemuthcup-1669538564,https://replay.pokemonshowdown.com/gen8spikemuthcup-1669541498,https://replay.pokemonshowdown.com/gen8spikemuthcup-1669543729
9/24/2022 20:35:31,Week 1,Fire - Penn State,Dale - Penn State,Grimmsnarl / Hatterene / Conkeldurr / Torkoal / Lilligant / Gengar,Fire - Ohio State,moronji - Ohio State,Tapu Lele / Naganadel / Whimsicott / Incineroar / Urshifu-Rapid-Strike / Kartana,2-0,https://replay.pokemonshowdown.com/gen8spikemuthcup-1669568927-rhichq60rg0wnqmynwtbwfp2r0h75pfpw,https://replay.pokemonshowdown.com/gen8spikemuthcup-1669573739-y99vqrhybkkd1lr213ad99h9rzaljh7pw ,N/A
9/24/2022 21:22:05,Week 1,Electric - West Sea,Aaron - West Sea,Rillaboom / Urshifu-Rapid-Strike / Nihilego / Grimmsnarl / Kommo-o / Heatran,Electric - Texas Horns,Andy - Texas Horns,Indeedee-F / Hatterene / Stakataka / Landorus / Lilligant / Torkoal,2-0,https://replay.pokemonshowdown.com/gen8spikemuthcup-1669602895-shhpw8ct3f2misvk1x3gg6g7ztlcxsepw,https://replay.pokemonshowdown.com/gen8spikemuthcup-1669603555-rkjrkmftxqxrqspk752c4z50iob4jz5pw,n/a
9/24/2022 22:36:33,Week 1,Fire - Ohio State,Rory - Ohio State,Kartana / Regieleki / Moltres-Galar / Dusclops / Tapu Fini / Glastrier,Fire - Penn State,EclipseOwl - Penn State,Kartana / Tapu Fini / Incineroar / Porygon2 / Raichu / Celesteela,2-1,https://replay.pokemonshowdown.com/gen8spikemuthcup-1669602582-nz8134f77xogrqj3nz706noy6ab1zk9pw,https://replay.pokemonshowdown.com/gen8spikemuthcup-1669603094-g1ohde0zc1jtuyprqx41n30bgw4li4gpw,https://replay.pokemonshowdown.com/gen8spikemuthcup-1669603190-3rk5sp74ac6ctvfrh68twtaq9jk5b0cpw
9/25/2022 0:01:03,Week 1,Electric - Texas Horns,TheBroham7  - Texas Horns,Rillaboom / Dragapult / Volcarona / Urshifu-Rapid-Strike / Clefairy / Celesteela,Electric - West Sea,Tatsu - West Sea,Clefairy / Rillaboom / Nihilego / Dragonite / Urshifu-Rapid-Strike / Incineroar,2-0,https://replay.pokemonshowdown.com/gen8spikemuthcup-1669688316-i7b8kkm84nbo34sgj8pvvtl9s22ux3kpw,https://replay.pokemonshowdown.com/gen8spikemuthcup-1669692670-6gj26dffzweqjlceh030fxwnts2zinwpw,N/A
9/25/2022 10:21:59,Week 1,Water - International,GenericName - International,Celesteela / Regieleki / Urshifu-Rapid-Strike / Amoonguss / Incineroar / Landorus,Water - Cambridge,Ashu - Cambridge,Indeedee-F / Hatterene / Stakataka / Landorus / Lilligant / Torkoal,2-0,https://replay.pokemonshowdown.com/gen8spikemuthcup-1669940009-8emq37fb3rgvuqswo1o2yujp4kfb15xpw,https://replay.pokemonshowdown.com/gen8spikemuthcup-1669940140-fkahyk9vbfzlmiza4sfw87jqb4vho7rpw,N/A
9/29/2022 9:59:34,Week 2,Water - International,Araluwen - International,Crobat / Heatran / Landorus / Urshifu-Rapid-Strike / Rillaboom / Duraludon,Water - Oxford,Lucarr10 - Oxford,Tapu Lele / Regieleki / Rillaboom / Nihilego / Urshifu-Rapid-Strike / Incineroar,2-0,https://replay.pokemonshowdown.com/gen8spikemuthcup-1673312312,https://replay.pokemonshowdown.com/gen8spikemuthcup-1673319029,N/A
9/29/2022 12:23:19,Week 2,Water - Cambridge,FullCrimp - Cambridge,Politoed / Zapdos / Rillaboom / Heatran / Urshifu / Grimmsnarl,Water - Northeast US,Jeremy - Northeast US,Incineroar / Landorus / Regieleki / Rillaboom / Tapu Fini / Darmanitan-Galar,2-1,https://replay.pokemonshowdown.com/gen8spikemuthcup-1673419788-r08zru3ajh68eu6diaemlk9je33y2qhpw,https://replay.pokemonshowdown.com/gen8spikemuthcup-1673420084-qbjg39xme7b3i1gm2uge3or1iruypulpw,https://replay.pokemonshowdown.com/gen8spikemuthcup-1673420410-i9xw3px0n28vgtahfszgrjflkt2n3j1pw
9/29/2022 12:24:50,Week 2,Water - Northeast US,Jenkins - Northeast US,Incineroar / Rillaboom / Araquanid / Porygon2 / Tapu Lele / Urshifu,Water - Cambridge,Reddo - Cambridge,Dracozolt / Tyranitar / Gyarados / Rillaboom / Heatran / Togekiss,2-0,https://replay.pokemonshowdown.com/gen8spikemuthcup-1673429742,https://replay.pokemonshowdown.com/gen8spikemuthcup-1673429968,N/A
9/29/2022 15:10:59,Week 2,Water - Oxford,mim - Oxford,Tapu Koko / Manectric / Hatterene / Tapu Lele / Dragonite / Reuniclus,Water - International,GenericName - International,Celesteela / Regieleki / Urshifu-Rapid-Strike / Amoonguss / Incineroar / Landorus,2-1,https://replay.pokemonshowdown.com/gen8spikemuthcup-1673549658-cvaqkgq04voc23j3pl88khi7dnu4mcnpw,https://replay.pokemonshowdown.com/gen8spikemuthcup-1673550652-ri85etfk6gb23zb2bdw8hkpbmhaz48opw,https://replay.pokemonshowdown.com/gen8spikemuthcup-1673550851-7y111du7kfexrsalkjnofsbxuibqc0bpw
9/29/2022 18:25:44,Week 2,Water - Cambridge,FlorenceIris - Cambridge,Tapu Fini / Incineroar / Kartana / Regieleki / Celesteela / Landorus-Therian,Water - Northeast US,PunkZard - Northeast US,Tapu Lele / Drifblim / Dracovish / Tsareena / Heatran / Urshifu-Single-Strike,2-1,https://replay.pokemonshowdown.com/gen8spikemuthcup-1673702366-ugiznqgydm0gktz4yfts29ac8jw5z4gpw,https://replay.pokemonshowdown.com/gen8spikemuthcup-1673702578-4tn1trlvq0l5mlehznjaktb65xlvvg3pw,https://replay.pokemonshowdown.com/gen8spikemuthcup-1673702760-tbti682k5x4fh1sz055rpt5i414ondgpw
9/29/2022 0:33:24,Week 2,Fire - Midwest,GuardianRondo - Midwest,Tyranitar / Entei / Zapdos / Mamoswine / Rillaboom / Tapu Fini,Fire - Ohio State,SnowMercury - Ohio State,Rillaboom / Incineroar / Nihilego / Urshifu-Rapid-Strike / Whimsicott / Dragapult,2-0,https://replay.pokemonshowdown.com/gen8spikemuthcup-1672756051,https://replay.pokemonshowdown.com/gen8spikemuthcup-1672759967,n/.a
9/30/2022 16:27:27,Week 2,Fire - Midwest,Chefsimi - Midwest,Rillaboom / Dragapult / Volcarona / Urshifu-Single-Strike / Clefairy / Celesteela,Fire - Ohio State,Ryanhardt - Ohio State,Regieleki / Rillaboom / Incineroar / Walrein / Amoonguss / Landorus,2-1,https://replay.pokemonshowdown.com/gen8spikemuthcup-1674469950,https://replay.pokemonshowdown.com/gen8spikemuthcup-1674473586,https://replay.pokemonshowdown.com/gen8spikemuthcup-1674477968
9/30/2022 17:13:39,Week 2,Fire - Midwest,Rinkai - Midwest,Landorus-Therian / Regieleki / Rillaboom / Turtonator / Tapu Fini / Celesteela,Fire - Ohio State,bdefili13 - Ohio State,Landorus-Therian / Tapu Fini / Rillaboom / Whimsicott / Incineroar / Magnezone,2-0,https://replay.pokemonshowdown.com/gen8spikemuthcup-1674510809,https://replay.pokemonshowdown.com/gen8spikemuthcup-1674511745,N/A
10/2/2022 13:22:55,Week 2,Fire - Ohio State,Wolfcien - Ohio State,Rillaboom / Incineroar / Nihilego / Urshifu-Rapid-Strike / Whimsicott / Dragapult,Fire - Midwest,Whatshamidt - Midwest,Hatterene / Indeedee-F / Urshifu-Single-Strike / Heatran / Tapu Fini / Incineroar,2-1,https://replay.pokemonshowdown.com/gen8spikemuthcup-1675853953-fm1hlv6zth6pg9ugwk2c3t1hpq6qgaapw,https://replay.pokemonshowdown.com/gen8spikemuthcup-1675855867-cd30c07awhojph7gib8m9au21zfon68pw,https://replay.pokemonshowdown.com/gen8spikemuthcup-1675860558-l5phdvm713heiqbd1c9f4r6vpoc0or0pw
10/2/2022 18:03:31,Week 2,Fire - Penn State,CatacIyzmic - Penn State,Spectrier / Regidrago / Incineroar / Whimsicott / Urshifu-Rapid-strike / Excadrill,Fire - Illinois,4DozenEgGs - Illinois,Sirfetchd / Zapdos-Galar / Articuno-Galar / Porygon2 / Golduck / Moltres-Galar,2-0,https://replay.pokemonshowdown.com/gen8spikemuthcup-1676051176,https://replay.pokemonshowdown.com/gen8spikemuthcup-1676053265,N/A
10/2/2022 18:37:19,Week 2,Fire - Illinois,Gwen - Illinois,Indeedee-F / Hatterene / Stakataka / Torkoal / Lilligant / Landorus-Therian,Fire - Penn State,eltlxee - Penn State,Spectrier / Regidrago / Whimsicott / Gothitelle / Urshifu-Rapid-Strike / Incineroar,2-1,https://replay.pokemonshowdown.com/gen8spikemuthcup-1676070618,https://replay.pokemonshowdown.com/gen8spikemuthcup-1676070770,https://replay.pokemonshowdown.com/gen8spikemuthcup-1676070906
9/30/2022 23:10:50,Week 2,Fire - Penn State,EclipseOwl - Penn State,Incineroar / Cofagrigus / Shuckle / Chansey / Indeedee-F / Reuniclus,Fire - Illinois,Maleris - Illinois,Stakataka / Regieleki / Urshifu-Single-Strike / Tsareena / Hatterene / Indeedee,2-0,https://replay.pokemonshowdown.com/gen8spikemuthcup-1674707247-f9vexc4mnzr6natthz7tfxk9sw8vjr0pw,https://replay.pokemonshowdown.com/gen8spikemuthcup-1674708281-lmuerp13pq0y5cuvdsxrdpjc95uowx0pw,n/a
10/1/2022 22:09:22,Week 2,Fire - Penn State,Turtle - Penn State,Urshifu-Rapid-Strike / Tapu Lele / Whimsicott / Heatran / Gengar / Rillaboom,Fire - Illinois,Bryce Shade - Illinois,Incineroar / Porygon2 / Torkoal / Urshifu-Rapid-Strike / Thundurus / Comfey,2-0,https://replay.pokemonshowdown.com/gen8spikemuthcup-1675427398-hebv9ses2o1wb8xrhqexxfhdddmb7bxpw,https://replay.pokemonshowdown.com/gen8spikemuthcup-1675427555-yd73b8t86jbb9vd5rqogfsyppo8oefhpw,N/A
9/29/2022 16:54:27,Week 2,Grass - Texas Long,Gallon - Texas Long,Incineroar / Rillaboom / Regieleki / Tornadus / Amoonguss / Urshifu-single-strike,Grass - Akron Gold,GrumpyW01f - Akron Gold,Politoed / Urshifu-rapid-strike / Tsareena / Tornadus / Regieleki / Shedinja,2-0,https://replay.pokemonshowdown.com/gen8spikemuthcup-1673641337,https://replay.pokemonshowdown.com/gen8spikemuthcup-1673647266,Na
9/29/2022 18:52:35,Week 2,Grass - Texas Long,latias - Texas Long,Glastrier / Hatterene / Stakataka / Rillaboom / Tapu Fini / Indeedee-F,Grass - Akron Gold,ThatChadBrad - Akron Gold,Incineroar / Glastrier / Dusclops / Metagross / Tapu Fini / Zapdos,2-0,https://replay.pokemonshowdown.com/gen8spikemuthcup-1673721103,https://replay.pokemonshowdown.com/gen8spikemuthcup-1673725053,NA
9/30/2022 20:05:05,Week 2,Grass - MTU,Kit - MTU,Glastrier / Mimikyu / Marowak-Alola / Amoonguss / Zapdos / Reuniclus,Grass - RIT Incins,SceptileScythe - RIT Incins,Zapdos-Galar / Tapu Lele / Rillaboom / Incineroar / Alakazam / Togekiss,2-1,https://replay.pokemonshowdown.com/gen8spikemuthcup-1674611163-bm7y8q6aho455ij79f4o7qtgq4qvh1opw,https://replay.pokemonshowdown.com/gen8spikemuthcup-1674613329-w12qsmeje50ut4ob8f05a8pfpmg9rzfpw,https://replay.pokemonshowdown.com/gen8spikemuthcup-1674616729-nxxf2kajuam41wavx6nw1srh34jta26pw
10/1/2022 16:46:22,Week 2,Grass - Akron Gold,TheRadicalChef - Akron Gold,Dracovish / Tyranitar / Amoonguss / Incineroar / Landorus / Whimsicott,Grass - Texas Long,Abhinav - Texas Long,Metagross / Regieleki / Landorus-Therian / Clefairy / Urshifu-Rapid-Strike / Dragapult,2-1,https://youtu.be/sqPl5h-kovE,https://youtu.be/3OSqcM4WF48,https://replay.pokemonshowdown.com/gen8spikemuthcup-1675212527
10/1/2022 21:55:08,Week 2,Grass - RIT Incins,hipicrit - RIT Incins,Whimsicott / Urshifu-Rapid-Strike / Togekiss / Rillaboom / Incineroar / Nihilego,Grass - MTU,Tyraen - MTU,Tornadus / Bronzong / Urshifu-Single-Strike / Incineroar / Regieleki / Naganadel,2-0,https://replay.pokemonshowdown.com/gen8spikemuthcup-1675417906,https://replay.pokemonshowdown.com/gen8spikemuthcup-1675420819,N/A
10/2/2022 13:10:28,Week 2,Grass - Akron Gold,Caulk - Akron Gold,Hatterene / Rillaboom / Landorus / Indeedee-F / Torkoal / Stakataka,Grass - Texas Long,Sain - Texas Long,Politoed / Urshifu-Rapid-Strike / Tsareena / Regieleki / Tornadus / Shedinja,2-0,https://replay.pokemonshowdown.com/gen8spikemuthcup-1675848232,https://replay.pokemonshowdown.com/gen8spikemuthcup-1675852473,N/A
10/2/2022 19:12:18,Week 2,Grass - RIT Incins,Watamawigi - RIT Incins,Goodra / Kartana / Heatran / Urshifu-Rapid-Strike / Tapu Lele / Amoonguss,Grass - MTU,Scorekeepr - MTU,Porygon2 / Incineroar / Amoonguss / Hatterene / Stakataka / Indeedee-F,2-0,https://replay.pokemonshowdown.com/gen8spikemuthcup-1676094702,https://replay.pokemonshowdown.com/gen8spikemuthcup-1676097316,N/A
10/2/2022 20:05:27,Week 2,Grass - MTU,AxleTc - MTU,Incineroar / Tapu Lele / Rillaboom / Regieleki / Regidrago / Thundurus,Grass - RIT Incins,Ranger - RIT Incins,Incineroar / Rillaboom / Urshifu-Single-Strike / Regieleki / Rotom-Wash / Amoonguss,2-1,https://replay.pokemonshowdown.com/gen8spikemuthcup-1675363132,https://replay.pokemonshowdown.com/gen8spikemuthcup-1675365609,https://replay.pokemonshowdown.com/gen8spikemuthcup-1675368175
9/29/2022 17:03:50,Week 2,Electric - West Sea,Aaron - West Sea,Naganadel / Urshifu-Rapid-Strike / Heatran / Grimmsnarl / Rillaboom / Articuno-Galar,Electric - Glenville,Leon - Glenville,Politoed / Kingdra / Incineroar / Rillaboom / Landorus / Celesteela,2-0,https://replay.pokemonshowdown.com/gen8spikemuthcup-1673644807-3zpmghi0f3ivz7s55si8dg4dh0sbfespw,https://replay.pokemonshowdown.com/gen8spikemuthcup-1673645297-3g3zcqsbl5xwlsyy4aokhktabkz0g2dpw,n/a
9/30/2022 16:04:16,Week 2,Electric - Glenville,Time Wizard - Glenville,Zapdos-Galar / Landorus / Rillaboom / Celesteela / Tapu Fini / Incineroar,Electric - West Sea,Miggle.EXE - West Sea,Porygon2 / Indeedee-F / Torkoal / Venusaur / Stakataka / Zapdos-Galar,2-1,https://replay.pokemonshowdown.com/gen8spikemuthcup-1674447642,https://replay.pokemonshowdown.com/gen8spikemuthcup-1674455976,https://replay.pokemonshowdown.com/gen8spikemuthcup-1674463945
9/30/2022 18:29:33,Week 2,Electric - West Sea,Anders Nordstrom - West Sea,Dragonite / Incineroar / Amoonguss / Porygon2 / Rillaboom / Stakataka,Electric - Glenville,Lugalaodh - Glenville,Rillaboom / Tapu Lele / Incineroar / Mamoswine / Salamence / Whimsicott,2-0,https://replay.pokemonshowdown.com/gen8spikemuthcup-1674551275,https://replay.pokemonshowdown.com/gen8spikemuthcup-1674551574,N/A
9/30/2022 18:35:27,Week 2,Electric - West Sea,Bob - West Sea,Cresselia / Politoed / Tapu Bulu / Escavalier / Thundurus-Therian / Incineroar,Electric - Glenville,Fliipturn - Glenville,Dragapult / Amoonguss / Urshifu-Rapid-Strike / Heatran / Rillaboom / Whimsicott,2-1,https://replay.pokemonshowdown.com/gen8spikemuthcup-1674550727-fkl0e1wcjle7idv1yuvhlbyjmpvinz9pw,https://replay.pokemonshowdown.com/gen8spikemuthcup-1674551151-mi4swgc42zx0sdfzkmjwwdh8wg1ml3lpw,https://replay.pokemonshowdown.com/gen8spikemuthcup-1674551308-t0e583q0b19yd3yqx0r2wkv47rpc1odpw
10/1/2022 10:21:39,Week 2,Electric - BYU Cougars,Dnomy - BYU Cougars,Volcarona / Rillaboom / Landorus / Tyranitar / Zapdos / Urshifu-Rapid-Strike,Electric - Texas Horns,TheBroham7  - Texas Horns,Rillaboom / Dragapult / Volcarona / Urshifu-Rapid-Strike / Clefairy / Celesteela,2-0,https://replay.pokemonshowdown.com/gen8spikemuthcup-1674993172,https://replay.pokemonshowdown.com/gen8spikemuthcup-1674996427,N/A
10/1/2022 11:32:53,Week 2,Electric - Texas Horns,JayDee - Texas Horns,Landorus / Urshifu-Single-Strike / Sableye / Rillaboom / Incineroar / Dracovish,Electric - BYU Cougars,bunnybird12 - BYU Cougars,Spectrier / Regidrago / Incineroar / Whimsicott / Gothitelle / Urshifu-Rapid-Strike,2-1,https://replay.pokemonshowdown.com/gen8spikemuthcup-1675028974,https://replay.pokemonshowdown.com/gen8spikemuthcup-1675033996,https://replay.pokemonshowdown.com/gen8spikemuthcup-1675040693
10/1/2022 18:20:40,Week 2,Water - Cambridge,Kepler - Cambridge,Tapu Lele / Naganadel / Whimsicott / Incineroar / Urshifu-Rapid-Strike / Kartana,Water - Northeast US,Polaroid - Northeast US,Tsareena / Whimsicott / Volcarona / Regieleki / Landorus-Therian / Nihilego,2-1,https://replay.pokemonshowdown.com/gen8spikemuthcup-1675297675-17bl5z1mkl4gzz0mk74up11enktnlezpw,https://replay.pokemonshowdown.com/gen8spikemuthcup-1675298121-8ax7j3v3njfzh8z6hjtje62mzl09sdepw,https://replay.pokemonshowdown.com/gen8spikemuthcup-1675298443-uowzlow2igw70jfl57t6k7hmpuijjuipw
10/2/2022 2:25:30,Week 2,Electric - BYU Cougars,Eva - BYU Cougars,Hatterene / Indeedee-F / Torkoal / Tapu Fini / Landorus / Ferrothorn,Electric - Texas Horns,Complex - Texas Horns,Rillaboom / Celesteela / Incineroar / Regieleki / Urshifu-Rapid-Strike / Clefairy,2-0,https://replay.pokemonshowdown.com/gen8spikemuthcup-1674343849-dct04acbqtvm852l02um8jdinstbtfppw,https://replay.pokemonshowdown.com/gen8spikemuthcup-1674347583-agycsj1fufz35hcc398a5esim3s67d4pw,N/A
10/2/2022 20:51:59,Week 2,Electric - Texas Horns,Sarbithinu - Texas Horns,Hatterene / Indeedee-F / Torkoal / Landorus / Stakataka / Rillaboom,Electric - BYU Cougars,Brare - BYU Cougars,Incineroar / Golisopod / Gothitelle / Gengar / Shedinja / Urshifu-Rapid-Strike,2-0,https://replay.pokemonshowdown.com/gen8spikemuthcup-1676137034,https://replay.pokemonshowdown.com/gen8spikemuthcup-1676144376,N/A
10/3/2022 8:55:35,Week 2,Water - Oxford,ClickForVictory - Oxford,Cresselia / Snorlax / Weavile / Amoonguss / Urshifu-Rapid-Strike / Heatran,Water - International,0riginalName - International,Incineroar / Gengar / Kartana / Landorus / Zapdos-Galar / Tapu Fini,2-0,https://replay.pokemonshowdown.com/gen8spikemuthcup-1675681531,https://replay.pokemonshowdown.com/gen8spikemuthcup-1675681659,N/A
10/3/2022 11:08:58,Week 2,Water - International,K - International,Celesteela / Tapu Fini / Tsareena / Heatran / Nidoqueen / Whimsicott,Water - Oxford,Corkers7 - Oxford,Meowstic / Milotic / Landorus-Therian / Volcarona / Shiinotic / Rillaboom,2-1,https://replay.pokemonshowdown.com/gen8spikemuthcup-1675002416,https://replay.pokemonshowdown.com/gen8spikemuthcup-1675003177,https://replay.pokemonshowdown.com/gen8spikemuthcup-1675003302
10/3/2022 17:52:04,Week 3,Water - Cambridge,Jamie - Cambridge,Torkoal / Lilligant / Indeedee-F / Hatterene / Stakataka / Landorus-Therian,Water - RIT Raikous,brn - RIT Raikous,Rillaboom / Incineroar / Urshifu-Rapid-Strike / Togekiss / Nihilego / Volcarona,2-1,https://replay.pokemonshowdown.com/gen8spikemuthcup-1676873962,https://replay.pokemonshowdown.com/gen8spikemuthcup-1676874167,https://replay.pokemonshowdown.com/gen8spikemuthcup-1676874441
10/6/2022 15:13:39,Week 3,Water - Northeast US,johnny - Northeast US,Incineroar / Urshifu-Rapid-Strike / Rillaboom / Landorus / Regieleki / Registeel,Water - International,200Candies - International,Urshifu-Rapid-Strike / Rillaboom / Incineroar / Nihilego / Spectrier / Amoonguss,2-0,https://replay.pokemonshowdown.com/gen8spikemuthcup-1679356125,https://replay.pokemonshowdown.com/gen8spikemuthcup-1679356340,N/A
10/7/2022 14:00:38,Week 3,Water - International,K - International,Nihilego / Clefairy / Cresselia / Landorus-Therian / Rillaboom / Entei,Water - Northeast US,Zap - Northeast US,Dusclops / Sylveon / Incineroar / Rillaboom / Urshifu-Rapid-Strike / Registeel,2-0,https://replay.pokemonshowdown.com/gen8spikemuthcup-1680121631,https://replay.pokemonshowdown.com/gen8spikemuthcup-1680121917,N/A
10/8/2022 16:27:44,Week 3,Water - RIT Raikous,Patty - RIT Raikous,Urshifu-Rapid-Strike / Moltres-Galar / Ferrothorn / Glastrier / Landorus / Zapdos-Galar,Water - Cambridge,Hazel - Cambridge,Tapu Fini / Rillaboom / Incineroar / Nihilego / Porygon2 / Zapdos-Galar,2-0,https://replay.pokemonshowdown.com/gen8spikemuthcup-1680991746,https://replay.pokemonshowdown.com/gen8spikemuthcup-1680992467,N/A
10/9/2022 14:31:22,Week 3,Water - Cambridge,FullCrimp - Cambridge,Ninetales-Alola / Urshifu-Rapid-Strike / Kartana / Incineroar / Landorus-Therian / Regieleki,Water - RIT Raikous,Bubs - RIT Raikous,Nihilego / Rillaboom / Urshifu-Single-Strike / Incineroar / Regieleki / Tapu Fini,2-1,https://play.pokemonshowdown.com/battle-gen8spikemuthcup-1681646829-vmfaxm2s1enwu7wkm0otjet67nmumv2pw,https://play.pokemonshowdown.com/battle-gen8spikemuthcup-1681648059-s5p1otjudndp35sl4g5vimc97lvg6k7pw,https://play.pokemonshowdown.com/battle-gen8spikemuthcup-1681648245-xslrope111bluee3qd5fjborgv2xhkzpw
10/6/2022 16:29:24,Week 3,Water - International,Ester - International,Sylveon / Landorus / Zapdos / Incineroar / Rillaboom / Urshifu-Rapid-Strike,Water - Northeast US,Polaroid - Northeast US,Tsareena / Whimsicott / Volcarona / Regieleki / Landorus-Therian / Nihilego,2-0,https://replay.pokemonshowdown.com/gen8spikemuthcup-1679417959-6u0fdk719xe736bkvmw0j4db7kksu3rpw,https://replay.pokemonshowdown.com/gen8spikemuthcup-1679418180-larie42hfon53lodtf92iql3kqfiycspw,N/A
10/9/2022 18:19:35,Week 3,Water - Cambridge,Kepler - Cambridge,Dracovish / Heatran / Landorus-Therian / Rillaboom / Tyranitar / Tornadus,Water - RIT Raikous,Shark - RIT Raikous,Urshifu-Rapid-Strike / Sylveon / Landorus / Porygon2 / Incineroar / Rillaboom,2-0,https://replay.pokemonshowdown.com/gen8spikemuthcup-1681800978,https://replay.pokemonshowdown.com/gen8spikemuthcup-1681803311,N/A
10/4/2022 23:40:43,Week 3,Electric - Mid Atlantic,Killua - Mid Atlantic,Incineroar / Urshifu-Rapid-Strike / Rillaboom / Regieleki / Tsareena / Moltres-Galar,Electric - West Sea,Tatsu - West Sea,Clefairy / Rillaboom / Nihilego / Dragonite / Urshifu-Rapid-Strike / Incineroar,2-0,https://replay.pokemonshowdown.com/gen8spikemuthcup-1677945508-nwwx3gqukslf7qmufuqh3x2dn4x3o7mpw,https://replay.pokemonshowdown.com/gen8spikemuthcup-1677946135-1ciprgpk1853nq1ap7n4yr7xety8jbvpw,N/A
10/5/2022 18:01:40,Week 3,Electric - Texas Horns,Kairo - Texas Horns,Urshifu-Rapid-Strike / Tsareena / Celesteela / Charizard / Torkoal / Dusclops,Electric - Glenville,Lugalaodh - Glenville,Rillaboom / Tapu Lele / Incineroar / Mamoswine / Salamence / Whimsicott,2-1,https://replay.pokemonshowdown.com/gen8spikemuthcup-1678602613,https://replay.pokemonshowdown.com/gen8spikemuthcup-1678603343,https://replay.pokemonshowdown.com/gen8spikemuthcup-1678603442
10/5/2022 20:33:49,Week 3,Electric - West Sea,Alex - West Sea,Moltres-Galar / Grimmsnarl / Naganadel / Rillaboom / Urshifu-Rapid-Strike / Heatran,Electric - Mid Atlantic,Gazoney - Mid Atlantic,Rillaboom / Urshifu-Rapid-Strike / Incineroar / Regieleki / Landorus / Togekiss,2-0,https://replay.pokemonshowdown.com/gen8spikemuthcup-1678708626-7x1yc8g57nfyybjjdwyhfqtgcxrcf2tpw,https://replay.pokemonshowdown.com/gen8spikemuthcup-1678708779-nqiw0zj67hc5vpyf9blrlxiaumh2e4jpw,NA
10/6/2022 15:28:55,Week 3,Electric - Glenville,Time Wizard - Glenville,Incineroar / Landorus / Celesteela / Tapu Fini / Zapdos-Galar / Rillaboom,Electric - Texas Horns,EV - Texas Horns,Urshifu-Rapid-Strike / Tsareena / Celesteela / Lilligant / Torkoal / Stakataka,2-0,https://replay.pokemonshowdown.com/gen8spikemuthcup-1679372050,https://replay.pokemonshowdown.com/gen8spikemuthcup-1679373729,N/A
10/7/2022 19:53:58,Week 3,Electric - Texas Horns,Andy - Texas Horns,Indeedee-F / Hatterene / Stakataka / Landorus / Lilligant / Torkoal,Electric - Glenville,Aero - Glenville,Incineroar / Rillaboom / Whimsicott / Umbreon / Dragapult / Rotom-Wash,2-0,https://replay.pokemonshowdown.com/gen8spikemuthcup-1680389328,https://replay.pokemonshowdown.com/gen8spikemuthcup-1680391716,n/a
10/9/2022 1:15:14,Week 3,Electric - Mid Atlantic,TopdeckPilot - Mid Atlantic,Rillaboom / Urshifu-Rapid-Strike / Incineroar / Regieleki / Landorus / Togekiss,Electric - West Sea,Garret - West Sea,Cresselia / Politoed / Tapu Bulu / Escavalier / Thundurus-Therian / Incineroar,2-0,https://replay.pokemonshowdown.com/gen8spikemuthcup-1681280696-uk5du86f6nss0thmn7mj2jr2wa4igfzpw,https://replay.pokemonshowdown.com/gen8spikemuthcup-1681281580-egd0ecqjv3caa9eoal3ga1oxkw73796pw,N/A
10/9/2022 16:45:56,Week 3,Electric - West Sea,Amongus italionus - West Sea,Suicune / Tsareena / Rillaboom / Entei / Zapdos-Galar / Regieleki,Electric - Mid Atlantic,Lucas - Mid Atlantic,Rillaboom / Nihilego / Incineroar / Spectrier / Amoonguss / Urshifu-Rapid-Strike,2-1,https://replay.pokemonshowdown.com/gen8spikemuthcup-1681731451-1nc5nygid074dfaa11obfy1onb2ghyxpw,https://replay.pokemonshowdown.com/gen8spikemuthcup-1681732399-u6fhffxh08ulf0zzv2pmptoxofdb26zpw,https://replay.pokemonshowdown.com/gen8spikemuthcup-1681732538-co6hd8g9cfh5n11m2580k7ql0dseys5pw
10/7/2022 18:25:23,Week 3,Electric - Glenville,Fliipturn - Glenville,Dragapult / Amoonguss / Urshifu-Rapid-Strike / Heatran / Rillaboom / Whimsicott,Electric - Texas Horns,Complex - Texas Horns,Hatterene / Indeedee-F / Torkoal / Landorus / Stakataka / Rillaboom,2-0,https://replay.pokemonshowdown.com/gen8spikemuthcup-1680335414-l7ffpmc5u6z7oeuh4xnetd3qhfvs97ypw,https://replay.pokemonshowdown.com/gen8spikemuthcup-1680340525-0dw0fiiv544k2d98h1ygkcd8au2qkrnpw,N/A
10/6/2022 9:56:09,Week 3,Fire - Illinois,tyo - Illinois,Garchomp / Incineroar / Tapu Fini / Zapdos / Kartana / Slowking-Galar,Fire - Ohio State,WeeGee - Ohio State,Azumarill / Incineroar / Urshifu-Single-Strike / Clefable / Landorus / Celesteela,2-0,https://replay.pokemonshowdown.com/gen8spikemuthcup-1679104837,https://replay.pokemonshowdown.com/gen8spikemuthcup-1679105040,N/A
10/6/2022 20:14:52,Week 3,Fire - Ohio State,moronji - Ohio State,Tapu Lele / Urshifu-Rapid-Strike / Naganadel / Amoonguss / Heatran / Drifblim,Fire - Illinois,Gwen - Illinois,Indeedee-F / Hatterene / Stakataka / Torkoal / Lilligant / Landorus-Therian,2-1,https://replay.pokemonshowdown.com/gen8spikemuthcup-1679559248,https://replay.pokemonshowdown.com/gen8spikemuthcup-1679559443,https://replay.pokemonshowdown.com/gen8spikemuthcup-1679559656
10/7/2022 10:40:55,Week 3,Fire - Penn State,Tyler (2) - Penn State,Whimsicott / Urshifu-Single-Strike / Tsareena / Incineroar / Dragapult / Tapu Fini,Fire - Akron Blue,Chain - Akron Blue,Araquanid / Amoonguss / Ditto / Lycanroc-Dusk / Entei / Silvally,2-1,https://replay.pokemonshowdown.com/gen8spikemuthcup-1679981791,https://replay.pokemonshowdown.com/gen8spikemuthcup-1679987676,https://replay.pokemonshowdown.com/gen8spikemuthcup-1679993512
10/7/2022 17:20:08,Week 3,Fire - Penn State,CatacIyzmic - Penn State,Mimikyu / Indeedee-F / Slowking-Galar / Arctozolt / Ninetales-Alola / Landorus-Therian,Fire - Akron Blue,Pheges - Akron Blue,Dragapult / Urshifu-Rapid-Strike / Nihilego / Heatran / Regieleki / Togekiss,2-1,https://replay.pokemonshowdown.com/gen8spikemuthcup-1680300745-ux7228m6mh7c4cbjzcu11a8ymw3qee4pw,https://replay.pokemonshowdown.com/gen8spikemuthcup-1680302691-j3i481varl3y6xh8s5w9mgs0dh7r4jspw,https://replay.pokemonshowdown.com/gen8spikemuthcup-1680305372-pd3wwm3upwwm3rytpup3m2g69jkq2ifpw
10/7/2022 17:28:18,Week 3,Fire - Ohio State,Ryanhardt - Ohio State,Gardevoir / Garchomp / Ferrothorn / Walrein / Thundurus / Urshifu-Single-Strike,Fire - Illinois,Matthew M - Illinois,Politoed / Urshifu-Rapid-Strike / Tsareena / Regieleki / Tornadus / Shedinja,2-1,https://replay.pokemonshowdown.com/gen8spikemuthcup-1680299316,https://replay.pokemonshowdown.com/gen8spikemuthcup-1680303412,https://replay.pokemonshowdown.com/gen8spikemuthcup-1680308120
10/7/2022 18:39:24,Week 3,Fire - Penn State,Thud - Penn State,Indeedee-F / Nihilego / Gastrodon-East / Stakataka / Incineroar / Ferrothorn,Fire - Akron Blue,Tenacitea - Akron Blue,Charizard / Torkoal / Indeedee-F / Lilligant / Stakataka / Porygon2,2-1,https://replay.pokemonshowdown.com/gen8spikemuthcup-1680324143,https://replay.pokemonshowdown.com/gen8spikemuthcup-1680324741,https://replay.pokemonshowdown.com/gen8spikemuthcup-1680324876
10/9/2022 13:24:41,Week 3,Fire - Penn State,Haganex - Penn State,Heatran / Gengar / Goodra / Rillaboom / Urshifu-Rapid-Strike / Whimsicott,Fire - Akron Blue,Crimson - Akron Blue,Sylveon / Gastrodon-East / Dusclops / Incineroar / Regieleki / Urshifu-Single-Strike,2-0,https://replay.pokemonshowdown.com/gen8spikemuthcup-1681604395-bjbaqudwrpev0s54l5z4qafkdf51jsipw,https://replay.pokemonshowdown.com/gen8spikemuthcup-1681609293-yivkk8q6qkdjfz3wa5i15oeyotzrwlipw,N/A
10/6/2022 16:00:02,Week 3,Grass - MTU,KamikazekidGC - MTU,Entei / Suicune / Naganadel / Ninetales-Alola / Rillaboom / Porygon2,Grass - Texas Long,Squirrel - Texas Long,Urshifu-Rapid-Strike / Incineroar / Rillaboom / Ninetales-Alola / Landorus / Whimsicott,2-0,https://replay.pokemonshowdown.com/gen8spikemuthcup-1679397810,https://replay.pokemonshowdown.com/gen8spikemuthcup-1679402701,N/A
10/6/2022 17:29:31,Week 3,Grass - RIT Incins,Kellice - RIT Incins,Glaceon / Abomasnow / Hatterene / Indeedee-F / Stakataka / Crawdaunt,Grass - South US,amiZa - South US,Blaziken / Gastrodon / Sylveon / Celesteela / Indeedee-F / Regieleki,2-0,https://replay.pokemonshowdown.com/gen8spikemuthcup-1679458596,https://replay.pokemonshowdown.com/gen8spikemuthcup-1679462629,N/A
10/6/2022 21:30:52,Week 3,Grass - Texas Long,Madman - Texas Long,Incineroar / Gengar / Kartana / Landorus / Zapdos-Galar / Tapu Fini,Grass - MTU,Tyraen - MTU,Porygon2 / Indeedee-F / Glastrier / Toxtricity / Torkoal / Lilligant,2-1,https://replay.pokemonshowdown.com/gen8spikemuthcup-1679597505,https://replay.pokemonshowdown.com/gen8spikemuthcup-1679600961,https://replay.pokemonshowdown.com/gen8spikemuthcup-1679604175
10/7/2022 20:08:55,Week 3,Grass - MTU,Rhys - MTU,Landorus / Tapu Koko / Incineroar / Urshifu-Rapid-Strike / Porygon2 / Whimsicott,Grass - Texas Long,Sain - Texas Long,Politoed / Urshifu-Rapid-Strike / Tsareena / Regieleki / Tornadus / Shedinja,2-0,https://replay.pokemonshowdown.com/gen8spikemuthcup-1680397951,https://replay.pokemonshowdown.com/gen8spikemuthcup-1680400110,N/A
10/8/2022 22:54:10,Week 3,Grass - South US,Tanner - South US,Celesteela / Tapu Fini / Spectrier / Mienshao / Regieleki / Rillaboom,Grass - RIT Incins,Ranger - RIT Incins,Tapu Lele / Naganadel / Whimsicott / Incineroar / Urshifu-Rapid-Strike / Kartana,2-0,https://replay.pokemonshowdown.com/gen8spikemuthcup-1681219262-igknlaygb2eoy43valet39g1piiyiqfpw,https://replay.pokemonshowdown.com/gen8spikemuthcup-1681221197-0nzea0552f57a3gpr7dx9oqdpydxb17pw,n/a
10/9/2022 14:16:42,Week 3,Grass - Texas Long,Sidereus - Texas Long,Rillaboom / Tapu Lele / Nidoqueen / Drifblim / Heatran / Urshifu-Rapid-Strike,Grass - MTU,SeanVGM - MTU,Latios / Tapu Fini / Kartana / Krookodile / Gothitelle / Talonflame,2-0,https://replay.pokemonshowdown.com/gen8spikemuthcup-1681640422-0pdxz8owo1iwn58neutelw0udwvc5lfpw,https://replay.pokemonshowdown.com/gen8spikemuthcup-1681643099-spnmcqcp4nvff14yn3j51flai7u6vsvpw,N/A
10/9/2022 18:36:03,Week 3,Grass - South US,Connor - South US,Tapu Lele / Drifblim / Naganadel / Amoonguss / Urshifu-Rapid-Strike / Heatran,Grass - RIT Incins,hipicrit - RIT Incins,Whimsicott / Urshifu-Rapid-Strike / Rillaboom / Incineroar / Nihilego / Togekiss,2-0,https://replay.pokemonshowdown.com/gen8spikemuthcup-1681810488,https://replay.pokemonshowdown.com/gen8spikemuthcup-1681816720,NA
10/10/2022 13:51:38,Week 3,Fire - Ohio State,Temporal - Ohio State,Gothitelle / Politoed / Kingdra / Azumarill / Incineroar / Marowak-Alola,Fire - Illinois,4DozenEgGs - Illinois,Sirfetchd / Zapdos-Galar / Articuno-Galar / Porygon2 / Golduck / Moltres-Galar,2-0,https://replay.pokemonshowdown.com/gen8spikemuthcup-1681578790,https://replay.pokemonshowdown.com/gen8spikemuthcup-1681579389,N/A
10/10/2022 13:58:38,Week 3,Water - International,Willy - International,Togekiss / Nihilego / Spectrier / Incineroar / Urshifu-Rapid-Strike / Rillaboom,Water - Northeast US,WilliamTheShuai - Northeast US,Regieleki / Urshifu-Rapid-Strike / Entei / Indeedee-F / Kommo-o / Tornadus,2-1,https://replay.pokemonshowdown.com/gen8spikemuthcup-1678677043,https://replay.pokemonshowdown.com/gen8spikemuthcup-1678677310,https://replay.pokemonshowdown.com/gen8spikemuthcup-1678677450
10/10/2022 19:45:36,Week 3,Grass - RIT Incins,Murph - RIT Incins,Tapu Lele / Urshifu-Rapid-Strike / Naganadel / Amoonguss / Heatran / Drifblim,Grass - South US,Emka - South US,Tapu Lele / Drifblim / Naganadel / Amoonguss / Urshifu-Rapid-Strike / Heatran,2-1,https://replay.pokemonshowdown.com/gen8spikemuthcup-1682654315,https://replay.pokemonshowdown.com/gen8spikemuthcup-1682658435,https://replay.pokemonshowdown.com/gen8spikemuthcup-1682662669
10/10/2022 20:43:43,Week 4,Grass - RIT Incins,SceptileScythe - RIT Incins,Incineroar / Urshifu-Rapid-Strike / Kartana / Ninetales-Alola / Zapdos / Nidoqueen,Grass - Akron Gold,Khai Ho - Akron Gold,Stakataka / Politoed / Primarina / Marowak-Alola / Weezing-Galar / Zapdos,2-0,https://replay.pokemonshowdown.com/gen8spikemuthcup-1682667210,https://replay.pokemonshowdown.com/gen8spikemuthcup-1682670467,N/A
10/11/2022 14:30:51,Week 4,Water - Northeast US,WilliamTheShuai - Northeast US,Azumarill / Amoonguss / Rillaboom / Zapdos / Kommo-o / Entei,Water - RIT Raikous,Bubs - RIT Raikous,Nihilego / Rillaboom / Urshifu-Single-Strike / Incineroar / Regieleki / Tapu Fini,2-1,https://replay.pokemonshowdown.com/gen8spikemuthcup-1683282169-20ohs7zl7gkzu0wolkxxgyrcpchzpz3pw,https://replay.pokemonshowdown.com/gen8spikemuthcup-1683282516-8qb1mat08js34xz8b7axik9ulj378fepw,https://replay.pokemonshowdown.com/gen8spikemuthcup-1683283107-81qxk353c4e6olmvmjzgfmja48om11ppw
10/12/2022 12:07:41,Week 4,Fire - Penn State,Tyler (1) - Penn State,Politoed / Indeedee-F / Whimsicott / Incineroar / Kartana / Zapdos,Fire - Midwest,Plumber - Midwest,Pelipper / Ludicolo / Latios / Landorus-Therian / Regieleki / Bisharp,2-0,https://replay.pokemonshowdown.com/gen8spikemuthcup-1683976054,https://replay.pokemonshowdown.com/gen8spikemuthcup-1683980512,N/A
10/12/2022 17:33:54,Week 4,Grass - South US,Tanner - South US,Celesteela / Tapu Fini / Spectrier / Mienshao / Regieleki / Rillaboom,Grass - MTU,Kit - MTU,Glastrier / Mimikyu / Marowak-Alola / Amoonguss / Zapdos / Reuniclus,2-1,https://replay.pokemonshowdown.com/gen8spikemuthcup-1684238133-35g3k0u2vifv6xvw81wz1tyei1lqot6pw,https://replay.pokemonshowdown.com/gen8spikemuthcup-1684238323-5kt0sb5x9qqq0dmrsgqlbs8fbpy9bdipw,https://replay.pokemonshowdown.com/gen8spikemuthcup-1684242722-t0sldiw9jr6nrkphqhsnk4y41za4q26pw
10/12/2022 19:21:21,Week 4,Fire - Akron Blue,Cellosis - Akron Blue,Regieleki / Latios / Rillaboom / Mamoswine / Sableye / Weezing-Galar,Fire - Illinois,Bryce Shade - Illinois,Torkoal / Dusclops / Porygon-Z / Sylveon / Conkeldurr / Incineroar,2-1,https://replay.pokemonshowdown.com/gen8spikemuthcup-1684299387-sfmuf4i0fy193yxuq7h8ewmtuulu9x6pw,https://replay.pokemonshowdown.com/gen8spikemuthcup-1684299548-6dqr38sc9k07js7ke8885surisgn5nxpw,https://replay.pokemonshowdown.com/gen8spikemuthcup-1684299781-6s4x9ww9bw9lnkuhnxch4lxenqi4jr4pw
10/14/2022 17:07:21,Week 4,Grass - Akron Gold,ThatChadBrad - Akron Gold,Incineroar / Glastrier / Dusclops / Metagross / Tapu Fini / Zapdos,Grass - RIT Incins,Kellice - RIT Incins,Glaceon / Abomasnow / Hatterene / Indeedee-F / Stakataka / Crawdaunt,2-1,https://replay.pokemonshowdown.com/gen8spikemuthcup-1685898504,https://replay.pokemonshowdown.com/gen8spikemuthcup-1685904772,https://replay.pokemonshowdown.com/gen8spikemuthcup-1685910147
10/14/2022 17:15:49,Week 4,Grass - MTU,KamikazekidGC - MTU,Entei / Suicune / Raikou / Naganadel / Ninetales-Alola / Rillaboom,Grass - South US,2thyfor - South US,Whimsicott / Dracovish / Ninetales-Alola / Urshifu-Single-Strike / Kartana / Entei,2-0,https://replay.pokemonshowdown.com/gen8spikemuthcup-1685918372-ifnivx12rb48hcm8rdrowwk4tmydnvypw,https://replay.pokemonshowdown.com/gen8spikemuthcup-1685918648-9mxtvmr7jh3yhzrmc35f7oltk08vncvpw,N/A
10/14/2022 19:35:37,Week 4,Electric - Mid Atlantic,Seven_Poke - Mid Atlantic,Rillaboom / Urshifu-Rapid-Strike / Incineroar / Regieleki / Landorus / Togekiss,Electric - Glenville,Fliipturn - Glenville,Dragapult / Amoonguss / Urshifu-Rapid-Strike / Heatran / Rillaboom / Whimsicott,2-0,https://replay.pokemonshowdown.com/gen8spikemuthcup-1686000492,https://replay.pokemonshowdown.com/gen8spikemuthcup-1686000663,https://replay.pokemonshowdown.com/gen8spikemuthcup-1686000790
10/14/2022 19:43:45,Week 4,Grass - South US,amiZa - South US,Azumarill / Volcarona / Tornadus / Stakataka / Rillaboom / Urshifu-Single-Strike,Grass - MTU,Rhys - MTU,Landorus / Tapu Koko / Incineroar / Urshifu-Rapid-Strike / Porygon2 / Whimsicott,2-0,https://replay.pokemonshowdown.com/gen8spikemuthcup-1685990970,https://replay.pokemonshowdown.com/gen8spikemuthcup-1685994677,N/A
10/14/2022 19:49:55,Week 4,Grass - RIT Incins,Bran Flakes - RIT Incins,Rillaboom / Urshifu-Single-Strike / Sylveon / Landorus / Porygon2 / Incineroar,Grass - Akron Gold,Vander - Akron Gold,Kartana / Urshifu-Single-Strike / Incineroar / Grimmsnarl / Tapu Fini / Venusaur,2-0,https://replay.pokemonshowdown.com/gen8spikemuthcup-1686006981,https://replay.pokemonshowdown.com/gen8spikemuthcup-1686009394,N/A
10/14/2022 20:11:15,Week 4,Fire - Midwest,Rinkai - Midwest,Kommo-o / Nihilego / Rillaboom / Incineroar / Regieleki / Tapu Fini,Fire - Penn State,Dale - Penn State,Riolu / Politoed / Rillaboom / Incineroar / Barraskewda / Tsareena,2-0,https://replay.pokemonshowdown.com/gen8spikemuthcup-1686022412-jztk1sgyf03ief2vsla4h5nwo7goehnpw,https://replay.pokemonshowdown.com/gen8spikemuthcup-1686022724-dj48oiyojxvm1pz3ozc64atfqpx7jxwpw,N/A
10/14/2022 20:11:18,Week 4,Electric - West Sea,Bob - West Sea,Cresselia / Politoed / Tapu Bulu / Escavalier / Thundurus-Therian / Incineroar,Electric - BYU Cougars,Dnomy - BYU Cougars,Heatran / Whimsicott / Zapdos / Garchomp / Naganadel / Ninetales-Alola,2-1,https://replay.pokemonshowdown.com/gen8spikemuthcup-1686015205 ,https://replay.pokemonshowdown.com/gen8spikemuthcup-1686015432,https://replay.pokemonshowdown.com/gen8spikemuthcup-1686015714
10/14/2022 20:24:34,Week 4,Fire - Midwest,FramenNoodles - Midwest,Suicune / Entei / Amoonguss / Togekiss / Rillaboom / Latios,Fire - Penn State,Thud - Penn State,Indeedee-F / Nihilego / Gastrodon-East / Stakataka / Incineroar / Ferrothorn,2-1,https://replay.pokemonshowdown.com/gen8spikemuthcup-1686019613,https://replay.pokemonshowdown.com/gen8spikemuthcup-1686020302,https://replay.pokemonshowdown.com/gen8spikemuthcup-1686020488
10/14/2022 20:30:58,Week 4,Water - RIT Raikous,NotWarriors - RIT Raikous,Nihilego / Togekiss / Rillaboom / Urshifu-Rapid-Strike / Raichu / Ninetales-Alola,Water - Northeast US,Jeremy - Northeast US,Incineroar / Landorus / Regieleki / Rillaboom / Tapu Fini / Urshifu-Rapid-Strike,2-1,https://replay.pokemonshowdown.com/gen8spikemuthcup-1686019948,https://replay.pokemonshowdown.com/gen8spikemuthcup-1686023756,https://replay.pokemonshowdown.com/gen8spikemuthcup-1686026248
10/14/2022 21:35:21,Week 4,Electric - Mid Atlantic,Nano - Mid Atlantic,Urshifu-Single-Strike / Tsareena / Regieleki / Tapu Fini / Tornadus / Gengar,Electric - Glenville,Aero - Glenville,Tsareena / Politoed / Urshifu-Rapid-Strike / Incineroar / Regieleki / Celesteela,2-0,https://replay.pokemonshowdown.com/gen8spikemuthcup-1686067566,https://replay.pokemonshowdown.com/gen8spikemuthcup-1686069573,N/A
10/14/2022 21:37:22,Week 4,Electric - Mid Atlantic,J - Mid Atlantic,Landorus / Togekiss / Incineroar / Urshifu-Rapid-Strike / Rillaboom / Regieleki,Electric - Glenville,Lugalaodh - Glenville,Rillaboom / Tapu Lele / Incineroar / Mamoswine / Salamence / Whimsicott,2-1,https://replay.pokemonshowdown.com/gen8spikemuthcup-1686058817-win6s1s1ermgq29pswzmcrbi5qdz7wppw,https://replay.pokemonshowdown.com/gen8spikemuthcup-1686058973-t4l1t4gqocvg38vo9izfdbaaimgcyc2pw,https://replay.pokemonshowdown.com/gen8spikemuthcup-1686059266-yrck997tz1mkq2mge7nqnhyfebfv1xqpw
10/15/2022 16:30:15,Week 4,Electric - West Sea,Misora - West Sea,Rillaboom / Heatran / Zapdos / Milotic / Incineroar / Grimmsnarl,Electric - BYU Cougars,Eva - BYU Cougars,Hatterene / Indeedee-F / Torkoal / Tapu Fini / Landorus / Ferrothorn,2-0,https://replay.pokemonshowdown.com/gen8spikemuthcup-1686610026,https://replay.pokemonshowdown.com/gen8spikemuthcup-1686615263,N/A
10/15/2022 18:53:35,Week 4,Grass - MTU,AxleTc - MTU,Rillaboom / Incineroar / Urshifu-Single-Strike / Regieleki / Regidrago / Tapu Lele,Grass - South US,Connor - South US,Rillaboom / Ninetales-Alola / Cresselia / Urshifu-Rapid-Strike / Volcarona / Landorus,2-1,https://replay.pokemonshowdown.com/gen8spikemuthcup-1686702481,https://replay.pokemonshowdown.com/gen8spikemuthcup-1686706250,https://replay.pokemonshowdown.com/gen8spikemuthcup-1686708817
10/15/2022 21:24:18,Week 4,Electric - West Sea,Anders Nordstrom - West Sea,Dragonite / Incineroar / Amoonguss / Porygon2 / Rillaboom / Stakataka,Electric - BYU Cougars,Brare - BYU Cougars,Incineroar / Golisopod / Gothitelle / Gengar / Urshifu-Rapid-Strike / Amoonguss,2-0,https://replay.pokemonshowdown.com/gen8spikemuthcup-1686787837,https://replay.pokemonshowdown.com/gen8spikemuthcup-1686790581,N/A
10/15/2022 21:51:50,Week 4,Fire - Illinois,Maleris - Illinois,Incineroar / Gengar / Kartana / Landorus / Zapdos-Galar / Tapu Fini,Fire - Akron Blue,Chain - Akron Blue,Skarmory / Reuniclus / Dunsparce / Barraskewda / Regieleki / Pelipper,2-0,https://replay.pokemonshowdown.com/gen8spikemuthcup-1686805002,https://replay.pokemonshowdown.com/gen8spikemuthcup-1686805161,N/A
10/16/2022 10:19:26,Week 4,Water - Cambridge,Jamie - Cambridge,Tapu Bulu / Hitmonchan / Gardevoir / Incineroar / Aegislash / Lapras,Water - Oxford,Lucarr10 - Oxford,Bronzong / Landorus-Therian / Togekiss / Thundurus / Tapu Fini / Incineroar,2-0,https://replay.pokemonshowdown.com/gen8spikemuthcup-1687109594,https://replay.pokemonshowdown.com/gen8spikemuthcup-1687110179,N/A
10/16/2022 13:54:21,Week 4,Water - Cambridge,Reddo - Cambridge,Zapdos-Galar / Raichu / Incineroar / Ferrothorn / Tapu Fini / Garchomp,Water - Oxford,Sam - Oxford,Tapu Fini / Incineroar / Landorus-Therian / Amoonguss / Kartana / Zapdos,2-0,https://replay.pokemonshowdown.com/gen8spikemuthcup-1687236892-0vncubxlz9itmerm4icfrmbcfur578xpw,https://replay.pokemonshowdown.com/gen8spikemuthcup-1687237658,N/A
10/16/2022 14:15:58,Week 4,Water - Northeast US,Jenkins - Northeast US,Incineroar / Rillaboom / Araquanid / Porygon2 / Tapu Lele / Urshifu-Single-Strike,Water - RIT Raikous,Patty - RIT Raikous,Politoed / Kingdra / Rillaboom / Porygon2 / Glastrier / Dragonite,2-0,https://replay.pokemonshowdown.com/gen8spikemuthcup-1687255153,https://replay.pokemonshowdown.com/gen8spikemuthcup-1687255356,N/A
10/16/2022 15:18:32,Week 4,Fire - Midwest,GuardianRondo - Midwest,Tyranitar / Entei / Zapdos / Mamoswine / Rillaboom / Tapu Fini,Fire - Penn State,Turtle - Penn State,Rillaboom / Volcarona / Landorus / Ninetales-Alola / Porygon2 / Primarina,2-1,https://replay.pokemonshowdown.com/gen8spikemuthcup-1687294988,https://replay.pokemonshowdown.com/gen8spikemuthcup-1687298151,https://replay.pokemonshowdown.com/gen8spikemuthcup-1687301513
10/16/2022 17:20:12,Week 4,Water - Oxford,Corkers7 - Oxford,Landorus-Therian / Volcarona / Rillaboom / Articuno-Galar / Tapu Fini / Amoonguss,Water - Cambridge,FlorenceIris - Cambridge,Tapu Fini / Incineroar / Kartana / Regieleki / Celesteela / Landorus-Therian,2-0,https://replay.pokemonshowdown.com/gen8spikemuthcup-1687369900,https://replay.pokemonshowdown.com/gen8spikemuthcup-1687370116,N/A
10/16/2022 17:36:26,Week 4,Water - Northeast US,johnny - Northeast US,Incineroar / Urshifu-Single-Strike / Rillaboom / Landorus / Regieleki / Slowbro,Water - RIT Raikous,ya-da-ne - RIT Raikous,Lilligant / Torkoal / Stakataka / Indeedee-F / Urshifu-Single-Strike / Glastrier,2-1,https://replay.pokemonshowdown.com/gen8spikemuthcup-1687382306,https://replay.pokemonshowdown.com/gen8spikemuthcup-1687382904,https://replay.pokemonshowdown.com/gen8spikemuthcup-1687383083
10/16/2022 18:58:32,Week 4,Fire - Illinois,4DozenEgGs - Illinois,Sirfetchd / Zapdos-Galar / Articuno-Galar / Porygon2 / Golduck / Moltres-Galar,Fire - Akron Blue,Aceee - Akron Blue,Darmanitan-Galar / Tsareena / Regieleki / Tapu-Fini / Heatran / Cresselia,2-1,https://replay.pokemonshowdown.com/gen8spikemuthcup-1687433489,https://replay.pokemonshowdown.com/gen8spikemuthcup-1687437292,https://replay.pokemonshowdown.com/gen8spikemuthcup-1687437484
10/16/2022 19:18:12,Week 4,Water - Oxford,ClickForVictory - Oxford,Dracovish / Tyranitar / Amoonguss / Bronzong / Volcarona / Tsareena,Water - Cambridge,FullCrimp - Cambridge,Politoed / Zapdos / Rillaboom / Urshifu-Single-Strike / Incineroar / Spectrier,2-1,https://replay.pokemonshowdown.com/gen8spikemuthcup-1686353265-0qhf7665xcbypkwqjeiccsw98vl9hzvpw,https://replay.pokemonshowdown.com/gen8spikemuthcup-1686353398-t2covbserjw5ogp57b891s8z53zo6q3pw,https://replay.pokemonshowdown.com/gen8spikemuthcup-1686353557-f8vq1fku9t3w91lcx8t9o2q1upi8d2fpw
10/16/2022 19:19:32,Week 4,Fire - Akron Blue,Tenacitea - Akron Blue,Charizard / Torkoal / Indeedee-F / Lilligant / Stakataka / Porygon2,Fire - Illinois,Matthew M - Illinois,Politoed / Urshifu-Rapid-Strike / Tsareena / Regieleki / Tornadus / Shedinja,2-1,https://replay.pokemonshowdown.com/gen8spikemuthcup-1686685827,https://replay.pokemonshowdown.com/gen8spikemuthcup-1686689406,https://replay.pokemonshowdown.com/gen8spikemuthcup-1686693956
10/16/2022 19:56:56,Week 4,Electric - Glenville,Time Wizard - Glenville,Rillaboom / Incineroar / Celesteela / Landorus / Tapu Fini / Zapdos-Galar,Electric - Mid Atlantic,TopdeckPilot - Mid Atlantic,Rillaboom / Urshifu-Rapid-Strike / Incineroar / Regieleki / Landorus / Togekiss,2-0,https://replay.pokemonshowdown.com/gen8spikemuthcup-1687464053,https://replay.pokemonshowdown.com/gen8spikemuthcup-1687469218,N/A
10/16/2022 20:25:32,Week 4,Grass - RIT Incins,Watamawigi - RIT Incins,Goodra / Tsareena / Tornadus / Urshifu-Rapid-Strike / Incineroar / Landorus,Grass - Akron Gold,Caulk - Akron Gold,Hatterene / Rillaboom / Landorus / Indeedee-F / Torkoal / Stakataka,2-0,https://replay.pokemonshowdown.com/gen8spikemuthcup-1687486974,https://replay.pokemonshowdown.com/gen8spikemuthcup-1687491772,N/A
10/16/2022 21:22:57,Week 4,Electric - West Sea,Aaron - West Sea,Rillaboom / Urshifu-Single-Strike / Tapu Fini / Landorus / Torkoal / Porygon2,Electric - BYU Cougars,Abuz - BYU Cougars,Rillaboom / Dragapult / Volcarona / Scizor / Clefairy / Milotic,2-0,https://replay.pokemonshowdown.com/gen8spikemuthcup-1687521367-0gaandgl9gwrh2yjsw0q1nk8axzbbnwpw,https://replay.pokemonshowdown.com/gen8spikemuthcup-1687521554-crx6uyr1e18skpk9s60ziuxzz1n27z1pw,n/a
10/17/2022 23:07:41,Week 5,Water - International,SeaSoil - International,Sylveon / Moltres-Galar / Incineroar / Urshifu-Rapid-Strike / Rillaboom / Amoonguss,Water - RIT Raikous,Shark - RIT Raikous,Nihilego / Tornadus / Tsareena / Tapu Fini / Heatran / Urshifu-Single-Strike,2-1,https://replay.pokemonshowdown.com/gen8spikemuthcup-1688365663,https://replay.pokemonshowdown.com/gen8spikemuthcup-1688366085,https://replay.pokemonshowdown.com/gen8spikemuthcup-1688366459
10/19/2022 15:30:18,Week 5,Water - International,Araluwen - International,Indeedee-F / Drampa / Incineroar / Swampert / Porygon2 / Slowking-Galar,Water - RIT Raikous,ya-da-ne - RIT Raikous,Regieleki / Zapdos-Galar / Tsareena / Nihilego / Garchomp / Incineroar,2-1,https://replay.pokemonshowdown.com/gen8spikemuthcup-1689801973,https://replay.pokemonshowdown.com/gen8spikemuthcup-1689809191,https://replay.pokemonshowdown.com/gen8spikemuthcup-1689814388
10/20/2022 13:28:55,Week 5,Water - RIT Raikous,brn - RIT Raikous,Spectrier / Urshifu-Rapid-Strike / Amoonguss / Incineroar / Regieleki / Rillaboom,Water - International,Willy - International,Thundurus / Incineroar / Kartana / Tapu Fini / Urshifu-Single-Strike / Landorus,2-1,https://replay.pokemonshowdown.com/gen8spikemuthcup-1690555073-eylt84rhdw6dcfb5bm2x50rotxqt052pw,https://replay.pokemonshowdown.com/gen8spikemuthcup-1690555492-czcwmfjxhn89gkhe4m6zzm3ipn8fafdpw,https://replay.pokemonshowdown.com/gen8spikemuthcup-1690555864-qheqkkehmqzspdsatvexejj7bc9f74npw
10/22/2022 13:02:30,Week 5,Water - Northeast US,PunkZard - Northeast US,Tapu Lele / Drifblim / Tsareena / Heatran / Urshifu-Single-Strike / Dracovish,Water - Oxford,Skai - Oxford,Incineroar / Urshifu-Rapid-Strike / Ninetales-Alola / Arctozolt / Landorus-Therian / Gastrodon,2-0,https://replay.pokemonshowdown.com/gen8spikemuthcup-1692150577-l08cwdzgn3q28dgcgrlz10uwqvirihepw,https://replay.pokemonshowdown.com/gen8spikemuthcup-1692154006-l1au8lsl4b3mtswhwj95698818eose5pw,N/A
10/22/2022 14:43:22,Week 5,Water - Northeast US,3 Tailed Fox - Northeast US,Regieleki / Urshifu-Single-Strike / Rillaboom / Incineroar / Landorus / Tapu Fini,Water - Oxford,mim - Oxford,Moltres-Galar / Nihilego / Tapu Lele / Tapu Koko / Manectric / Reuniclus,2-1,https://replay.pokemonshowdown.com/gen8spikemuthcup-1692213487,https://replay.pokemonshowdown.com/gen8spikemuthcup-1692214171,https://replay.pokemonshowdown.com/gen8spikemuthcup-1692214043
10/19/2022 15:17:34,Week 5,Fire - Akron Blue,Crimson - Akron Blue,Sylveon / Gastrodon-East / Dusclops / Incineroar / Regieleki / Urshifu-Single-Strike,Fire - Ohio State,Ryanhardt - Ohio State,Gardevoir / Garchomp / Celesteela / Walrein / Talonflame / Rillaboom,2-1,https://replay.pokemonshowdown.com/gen8spikemuthcup-1689805865,https://replay.pokemonshowdown.com/gen8spikemuthcup-1689810740,https://replay.pokemonshowdown.com/gen8spikemuthcup-1689814258
10/19/2022 20:12:39,Week 5,Grass - Akron Gold,GrumpyW01f - Akron Gold,Politoed / Urshifu-Rapid-Strike / Tsareena / Tornadus / Regieleki / Shedinja,Grass - MTU,SeanVGM - MTU,Latios / Tapu Fini / Kartana / Krookodile / Gothitelle / Talonflame,2-0,https://replay.pokemonshowdown.com/gen8spikemuthcup-1689999493,https://replay.pokemonshowdown.com/gen8spikemuthcup-1690001807,N/A
10/20/2022 21:50:45,Week 5,Grass - Akron Gold,TheRadicalChef - Akron Gold,Dracovish / Tyranitar / Amoonguss / Incineroar / Landorus / Whimsicott,Grass - MTU,Scorekeepr - MTU,Porygon2 / Incineroar / Amoonguss / Hatterene / Stakataka / Indeedee-F,2-0,https://replay.pokemonshowdown.com/gen8spikemuthcup-1690909548, https://replay.pokemonshowdown.com/gen8spikemuthcup-1690911922,N/A
10/21/2022 13:53:23,Week 5,Fire - Midwest,Chefsimi - Midwest,Pelipper / Suicune / Regieleki / Incineroar / Kartana / Zapdos-Galar,Fire - Illinois,Bryce Shade - Illinois,Incineroar / Torkoal / Dusclops / Conkeldurr / Porygon-Z / Sylveon,2-0,https://replay.pokemonshowdown.com/gen8spikemuthcup-1691436486,https://replay.pokemonshowdown.com/gen8spikemuthcup-1691441052,N/A
10/21/2022 16:41:11,Week 5,Electric - BYU Cougars,bunnybird12 - BYU Cougars,Spectrier / Regidrago / Incineroar / Whimsicott / Gothitelle / Urshifu-Rapid-Strike,Electric - Glenville,Time Wizard - Glenville,Incineroar / Landorus / Celesteela / Tapu Fini / Zapdos-Galar / Rillaboom,2-1,https://replay.pokemonshowdown.com/gen8spikemuthcup-1691562237,https://replay.pokemonshowdown.com/gen8spikemuthcup-1691566188,https://replay.pokemonshowdown.com/gen8spikemuthcup-1691569823
10/21/2022 17:32:47,Week 5,Grass - South US,2thyfor - South US,Tapu Lele / Urshifu-Rapid-Strike / Naganadel / Heatran / Amoonguss / Drifblim,Grass - Texas Long,Madman - Texas Long,Incineroar / Gengar / Kartana / Landorus / Zapdos-Galar / Tapu Fini,2-0,https://replay.pokemonshowdown.com/gen8spikemuthcup-1691604166-wk3w77xvtvhmih7rz6bqj4p8donm5cdpw,https://replay.pokemonshowdown.com/gen8spikemuthcup-1691604825-socj4nz23l6bqsrv6a5zqjvwxhs8x9kpw,N/A
10/21/2022 19:24:59,Week 5,Grass - MTU,Kit - MTU,Glastrier / Mimikyu / Marowak-Alola / Amoonguss / Zapdos / Reuniclus,Grass - Akron Gold,Caulk - Akron Gold,Hatterene / Rillaboom / Landorus / Indeedee-F / Torkoal / Stakataka,2-1,https://replay.pokemonshowdown.com/gen8spikemuthcup-1691664369-egw0irste6kil28g1hm9jin8igefffcpw,https://replay.pokemonshowdown.com/gen8spikemuthcup-1691667958-fy1ji9kyqv9o8fq478ras5p7ub65odhpw,https://replay.pokemonshowdown.com/gen8spikemuthcup-1691670686-9hf4seisd30jjv3o9f4vkztpz0zuhyqpw
10/21/2022 20:22:46,Week 5,Grass - MTU,KamikazekidGC - MTU,Entei / Suicune / Raikou / Naganadel / Ninetales-Alola / Rillaboom,Grass - Akron Gold,Vander - Akron Gold,Rillaboom / Heatran / Incineroar / Amoonguss / Urshifu-Rapid-Strike / Thundurus,2-0,https://replay.pokemonshowdown.com/gen8spikemuthcup-1691696921,https://replay.pokemonshowdown.com/gen8spikemuthcup-1691700902,N/A
10/21/2022 20:22:51,Week 5,Water - RIT Raikous,NotWarriors - RIT Raikous,Nihilego / Togekiss / Rillaboom / Urshifu-Rapid-Strike / Volcarona / Raichu,Water - International,0riginalName - International,Rillaboom / Incineroar / Moltres-Galar / Slowking-Galar / Urshifu-Rapid-Strike / Registeel,2-0,https://replay.pokemonshowdown.com/gen8spikemuthcup-1691694775,https://replay.pokemonshowdown.com/gen8spikemuthcup-1691698313,N/A
10/22/2022 12:10:28,Week 5,Fire - Midwest,Whatshamidt - Midwest,Ninetales-Alola / Arctozolt / Urshifu-Rapid-Strike / Moltres-Galar / Incineroar / Indeedee-F,Fire - Illinois,Maleris - Illinois,Incineroar / Gengar / Kartana / Landorus / Zapdos-Galar / Tapu Fini,2-1,https://replay.pokemonshowdown.com/gen8spikemuthcup-1692123743-j256x68n7nkuf05w5m6ngwry50cdja1pw,https://replay.pokemonshowdown.com/gen8spikemuthcup-1692124069-bewxm1ve2c5xtavwutmx69jupkkyg6rpw,https://replay.pokemonshowdown.com/gen8spikemuthcup-1692124269-sx0jbq67bwqq0yage6cb56y0ux8t39kpw
10/22/2022 15:45:42,Week 5,Electric - Mid Atlantic,Seven_Poke - Mid Atlantic,Rillaboom / Urshifu-Rapid-Strike / Incineroar / Regieleki / Landorus / Togekiss,Electric - Texas Horns,Kairo - Texas Horns,Urshifu-Rapid-Strike / Tsareena / Celesteela / Charizard / Torkoal / Dusclops,2-0,https://replay.pokemonshowdown.com/gen8spikemuthcup-1692265309,https://replay.pokemonshowdown.com/gen8spikemuthcup-1692265418,N/A
10/22/2022 16:06:28,Week 5,Electric - Texas Horns,TheBroham7  - Texas Horns,Rillaboom / Dragapult / Volcarona / Urshifu-Rapid-Strike / Clefairy / Celesteela,Electric - Mid Atlantic,Lucas - Mid Atlantic,Rillaboom / Urshifu-Rapid-Strike / Incineroar / Regieleki / Landorus / Togekiss,2-1,https://replay.pokemonshowdown.com/gen8spikemuthcup-1692265792,https://replay.pokemonshowdown.com/gen8spikemuthcup-1692266254,https://replay.pokemonshowdown.com/gen8spikemuthcup-1692266425
10/22/2022 18:14:15,Week 5,Fire - Akron Blue,Tenacitea - Akron Blue,Charizard / Torkoal / Indeedee-F / Lilligant / Stakataka / Porygon2,Fire - Ohio State,moronji - Ohio State,Tapu Lele / Urshifu-Rapid-Strike / Naganadel / Amoonguss / Heatran / Drifblim,2-1,https://replay.pokemonshowdown.com/gen8spikemuthcup-1692319451-dm1asau2mp5oknvlexz0uqtqsur7eg3pw,https://replay.pokemonshowdown.com/gen8spikemuthcup-1692319782-ko2v963lt8r9qi29yejguvki9g6lkeepw,https://replay.pokemonshowdown.com/gen8spikemuthcup-1692319946-tw481w71hv3b5l1ayhjiolxypc95rxppw
10/22/2022 18:45:23,Week 5,Grass - South US,amiZa - South US,Azumarill / Volcarona / Tornadus / Stakataka / Rillaboom / Urshifu-Single-Strike,Grass - Texas Long,Abhinav - Texas Long,Indeedee-F / Throh / Oranguru / Slowbro-Galar / Porygon-Z / Incineroar,2-0,https://replay.pokemonshowdown.com/gen8spikemuthcup-1692366546,https://replay.pokemonshowdown.com/gen8spikemuthcup-1692369809,N/A
10/22/2022 21:29:45,Week 5,Fire - Illinois,Matthew M - Illinois,Politoed / Urshifu-Rapid-Strike / Tsareena / Regieleki / Tornadus / Shedinja,Fire - Midwest,FramenNoodles - Midwest,Tyranitar / Entei / Zapdos / Mamoswine / Rillaboom / Tapu Fini,2-0,https://replay.pokemonshowdown.com/gen8spikemuthcup-1692461320,https://replay.pokemonshowdown.com/gen8spikemuthcup-1692464831,N/A
10/22/2022 22:29:18,Week 5,Electric - Glenville,Fliipturn - Glenville,Dragapult / Amoonguss / Urshifu-Rapid-Strike / Heatran / Rillaboom / Whimsicott,Electric - BYU Cougars,Eva - BYU Cougars,Hatterene / Indeedee-F / Torkoal / Tapu Fini / Landorus / Ferrothorn,2-1,https://replay.pokemonshowdown.com/gen8spikemuthcup-1692491877,https://replay.pokemonshowdown.com/gen8spikemuthcup-1692494701,https://replay.pokemonshowdown.com/gen8spikemuthcup-1692497473
10/23/2022 12:20:07,Week 5,Fire - Midwest,Rinkai - Midwest,Dragapult / Clefairy / Entei / Rillaboom / Registeel / Suicune,Fire - Illinois,Gwen - Illinois,Indeedee-F / Hatterene / Stakataka / Torkoal / Lilligant / Landorus-Therian,2-0,https://replay.pokemonshowdown.com/gen8spikemuthcup-1692851896-ye0plyu6z141ghf18lybhqg4lv2didkpw,https://replay.pokemonshowdown.com/gen8spikemuthcup-1692852112-we4ow61v7yla3vrbcm98yqnh4av23fipw,N/A
10/23/2022 13:16:50,Week 5,Water - Northeast US,Skraw - Northeast US,Ninetales-Alola / Arctozolt / Landorus / Volcarona / Tsareena / Tornadus,Water - Oxford,Sam - Oxford,Tapu Fini / Zapdos-Galar / Amoonguss / Scizor / Incineroar / Regieleki,2-0,https://replay.pokemonshowdown.com/gen8spikemuthcup-1692866235,https://replay.pokemonshowdown.com/gen8spikemuthcup-1692866587,N/A
10/23/2022 14:15:09,Week 5,Water - Oxford,Corkers7 - Oxford,Landorus-Therian / Volcarona / Rillaboom / Articuno-Galar / Tapu Fini / Amoonguss,Water - Northeast US,Polaroid - Northeast US,Urshifu-Rapid-Strike / Incineroar / Rillaboom / Volcarona / Regieleki / Sylveon,2-0,https://replay.pokemonshowdown.com/gen8spikemuthcup-1692929676-6xmtts9lrf28u979jdqak9hq2w8kshrpw,https://replay.pokemonshowdown.com/gen8spikemuthcup-1692929915-0vd3eb3u8nj266r9n9fjd3wn9rptfkcpw,N/A
10/23/2022 15:54:14,Week 5,Electric - Texas Horns,JayDee - Texas Horns,Landorus / Urshifu-Rapid-Strike / Sableye / Rillaboom / Incineroar / Zapdos,Electric - Mid Atlantic,Sean Gray - Mid Atlantic,Rillaboom / Urshifu-Rapid-Strike / Incineroar / Regieleki / Landorus / Togekiss,2-0,https://replay.pokemonshowdown.com/gen8spikemuthcup-1692994489-7h081osr2ph8auwfje13wdn4z2ux999pw?fbclid=IwAR0ROarrVcwkd-7FmBS4qEcm5g6C85GIiosJ-u6_1f77UWFrscGjIfoSxrA,https://replay.pokemonshowdown.com/gen8spikemuthcup-1692998761-iwny692z7bjbepf9qysz7x2tt9ylxr8pw?fbclid=IwAR30HEo49CHVyU5StpnwfDRIIfivdmP4I23wpel6L93OvOS-T-uQbLqaG7E,N/A
10/23/2022 17:23:07,Week 5,Fire - Ohio State,Temporal - Ohio State,Suicune / Sylveon / Amoonguss / Entei / Rillaboom / Latios,Fire - Akron Blue,Cellosis - Akron Blue,Charjabug / Landorus / Whimsicott / Gastrodon-East / Incineroar / Sylveon,2-0,https://replay.pokemonshowdown.com/gen8spikemuthcup-1692816394,https://replay.pokemonshowdown.com/gen8spikemuthcup-1692816595,N/A
10/23/2022 18:12:42,Week 5,Electric - Glenville,Lugalaodh - Glenville,Rillaboom / Tapu Lele / Incineroar / Mamoswine / Salamence / Whimsicott,Electric - BYU Cougars,Brare - BYU Cougars,Rillaboom / Dragapult / Volcarona / Urshifu-Rapid-Strike / Clefairy / Celesteela,2-0,https://replay.pokemonshowdown.com/gen8spikemuthcup-1693082641,https://replay.pokemonshowdown.com/gen8spikemuthcup-1693085893,n/a
10/23/2022 21:38:28,Week 5,Grass - South US,vixyn - South US,Ninetales-Alola / Avalugg / Porygon2 / Tapu Fini / Rillaboom / Landorus,Grass - Texas Long,Deltabolt - Texas Long,Urshifu-Rapid-Strike / Incineroar / Rillaboom / Ninetales-Alola / Landorus / Whimsicott,2-0,https://replay.pokemonshowdown.com/gen8spikemuthcup-1693206804-dsu6i7vpx5rwrwrgs31a77w18uk21vipw,https://replay.pokemonshowdown.com/gen8spikemuthcup-1693212255-nni351ibaye75ggjw6m1svojncv2pkmpw,n/a
10/23/2022 23:28:46,Week 5,Electric - Mid Atlantic,Killua - Mid Atlantic,Rillaboom / Urshifu-Rapid-Strike / Incineroar / Regieleki / Landorus / Togekiss,Electric - Texas Horns,Sarbithinu - Texas Horns,Hatterene / Indeedee-F / Torkoal / Landorus / Stakataka / Rillaboom,2-0,https://replay.pokemonshowdown.com/gen8spikemuthcup-1693269504-sb2z3efo2avrw7a2m83l5pif8ut3qkspw,https://replay.pokemonshowdown.com/gen8spikemuthcup-1693271804-r6ea1637g805fcrz0sc0xdiexyywkb2pw,N/A
10/24/2022 15:43:46,Week 5,Grass - Texas Long,Tanner - South US,Celesteela / Tapu Fini / Spectrier / Mienshao / Regieleki / Rillaboom,Grass - Texas Long,Sain - Texas Long,Politoed / Urshifu-Rapid-Strike / Tsareena / Regieleki / Tornadus / Shedinja,2-0,https://replay.pokemonshowdown.com/gen8spikemuthcup-1693066450,Saved as File,N/A
10/27/2022 15:22:46,Top 8,Water - Cambridge,Jamie - Cambridge,Cresselia / Salamence / Landorus-Therian / Incineroar / Tapu Fini / Regieleki,Fire - Penn State,Dale - Penn State,Kommo-o / Rillaboom / Celesteela / Incineroar / Regieleki / Nihilego,2-0,https://replay.pokemonshowdown.com/gen8spikemuthcup-1696461703,https://replay.pokemonshowdown.com/gen8spikemuthcup-1696461882,N/A
10/27/2022 20:07:38,Top 8,Grass - South US,amiZa - South US,Azumarill / Volcarona / Tornadus / Stakataka / Rillaboom / Urshifu-Single-Strike,Electric - Mid Atlantic,Lucas - Mid Atlantic,Spectrier / Amoonguss / Nihilego / Rillaboom / Incineroar / Urshifu-Rapid-Strike,2-0,https://replay.pokemonshowdown.com/gen8spikemuthcup-1696612625,https://replay.pokemonshowdown.com/gen8spikemuthcup-1696613125,N/A
10/28/2022 12:41:46,Top 8,Electric - Mid Atlantic,Killua - Mid Atlantic,Incineroar / Urshifu-Rapid-Strike / Rillaboom / Regieleki / Tsareena / Moltres-Galar,Grass - South US,Emka - South US,Tapu Lele / Drifblim / Naganadel / Amoonguss / Urshifu-Rapid-Strike / Heatran,2-1,https://replay.pokemonshowdown.com/gen8spikemuthcup-1697192416-te9zeb2tr2yk959yvkol7hsm1xpuodypw,https://replay.pokemonshowdown.com/gen8spikemuthcup-1697192646-t0dskbd7q7ure29jz3pbadkp3gbdk9tpw,https://replay.pokemonshowdown.com/gen8spikemuthcup-1697192981-1gq3l49nmbhdlks7g0vlbb1r62o66xupw
10/28/2022 14:17:41,Top 8,Water - International,Araluwen - International,Urshifu-Single-Strike / Crobat / Landorus / Tapu Koko / Lilligant / Torkoal,Fire - Midwest,Whatshamidt - Midwest,Primarina / Incineroar / Nidoking / Pelipper / Regieleki / Kartana,2-0,https://replay.pokemonshowdown.com/gen8spikemuthcup-1697270280-6gio38v9dxv911i2s18vwdyayxitz75pw,https://replay.pokemonshowdown.com/gen8spikemuthcup-1697271435-ukk6qe8bpz9r24shanrbs49pv3n3iihpw,N/A
10/28/2022 15:22:28,Top 8,Electric - Mid Atlantic,Seven_Poke - Mid Atlantic,Rillaboom / Urshifu-Rapid-Strike / Incineroar / Regieleki / Landorus / Togekiss,Grass - South US,Connor - South US,Gardevoir / Amoonguss / Moltres-Galar / Urshifu-Rapid-Strike / Incineroar / Registeel,2-1,https://replay.pokemonshowdown.com/gen8spikemuthcup-1697318834,https://replay.pokemonshowdown.com/gen8spikemuthcup-1697319258,https://replay.pokemonshowdown.com/gen8spikemuthcup-1697319421
10/28/2022 18:45:49,Top 8,Electric - Mid Atlantic,Gazoney - Mid Atlantic,Suicune / Sylveon / Amoonguss / Entei / Rillaboom / Latios,Grass - South US,2thyfor - South US,Tapu Lele / Urshifu-Rapid-Strike / Naganadel / Heatran / Amoonguss / Drifblim,2-0,https://replay.pokemonshowdown.com/gen8spikemuthcup-1697458343-imzy3vrtfqi9ztnlj2qmhj30d8jxhi6pw,https://replay.pokemonshowdown.com/gen8spikemuthcup-1697458631-0qnl03xmd7jk9ll2plh3tai6t5e2pospw,N/A
10/28/2022 22:33:44,Top 8,Electric - West Sea,Bob - West Sea,Cresselia / Politoed / Tapu Bulu / Escavalier / Thundurus-Therian / Incineroar,Grass - RIT Incins,Murph - RIT Incins,Tapu Lele / Urshifu-Rapid-Strike / Naganadel / Amoonguss / Heatran / Drifblim,2-1,https://replay.pokemonshowdown.com/gen8spikemuthcup-1697498208,https://replay.pokemonshowdown.com/gen8spikemuthcup-1697498421,https://replay.pokemonshowdown.com/gen8spikemuthcup-1697498557
10/29/2022 12:33:44,Top 8,Fire - Penn State,Thud - Penn State,Landorus / Tapu Fini / Stakataka / Zapdos / Incineroar / Rillaboom,Water - Cambridge,Reddo - Cambridge,Zapdos-Galar / Raichu / Incineroar / Ferrothorn / Tapu Fini / Garchomp,2-1,https://replay.pokemonshowdown.com/gen8spikemuthcup-1697928472,https://replay.pokemonshowdown.com/gen8spikemuthcup-1697928705,https://replay.pokemonshowdown.com/gen8spikemuthcup-1697928821
10/29/2022 13:38:22,Top 8,Water - International,GenericName - International,Celesteela / Regieleki / Urshifu-Single-Strike / Amoonguss / Incineroar / Landorus,Fire - Midwest,Chefsimi - Midwest,Primarina / Pelipper / Kartana / Regieleki / Zapdos-Galar / Incineroar,2-0,https://replay.pokemonshowdown.com/gen8spikemuthcup-1697963056,https://replay.pokemonshowdown.com/gen8spikemuthcup-1697968306,N/A
10/30/2022 14:41:11,Top 8,Water - Cambridge,FullCrimp - Cambridge,Ferrothorn / Nihilego / Suicune / Landorus-Therian / Urshifu / Indeedee-F,Fire - Penn State,EclipseOwl - Penn State,Whimsicott / Tapu Lele / Urshifu-Rapid-Strike / Cinderace / Nihilego / Spectrier,2-1,https://play.pokemonshowdown.com/battle-gen8spikemuthcup-1698708258-ae9drxtem9r5ou3b2nefvzrnpkhsjzvpw,https://play.pokemonshowdown.com/battle-gen8spikemuthcup-1698708511-wfdjc6gx0wqwqtxp6ivfwijhqqq8088pw,https://play.pokemonshowdown.com/battle-gen8spikemuthcup-1698708777-uibiwrj74dz2z4d6fx8h92p85eq6pkwpw
10/30/2022 15:20:41,Top 8,Fire - Midwest,GuardianRondo - Midwest,Volcarona / Scolipede / Golisopod / Scizor / Scyther / Galvantula,Water - International,Ester - International,Ninetales-Alola / Tapu Fini / Gardevoir / Grimmsnarl / Tapu Bulu / Clefable,2-1,https://pokepast.es/c7ba8bd3fb96539b,https://replay.pokemonshowdown.com/gen8spikemuthcup-1698735952,https://replay.pokemonshowdown.com/gen8spikemuthcup-1698736120
10/30/2022 15:32:00,Top 8,Fire - Penn State,Turtle - Penn State,Urshifu-Rapid-Strike / Whimsicott / Heatran / Gengar / Rillaboom / Tapu Lele,Water - Cambridge,Hazel - Cambridge,Torkoal / Lilligant / Indeedee-F / Hatterene / Stakataka / Landorus-Therian,2-0,https://replay.pokemonshowdown.com/gen8spikemuthcup-1698738895,https://replay.pokemonshowdown.com/gen8spikemuthcup-1698739448,N/A
10/30/2022 16:17:10,Top 8,Grass - RIT Incins,Ranger - RIT Incins,Nihilego / Togekiss / Rillaboom / Urshifu-Rapid-Strike / Volcarona / Raichu,Electric - West Sea,Miggle.EXE - West Sea,Indeedee-F / Stakataka / Torkoal / Venusaur / Zapdos / Grimmsnarl,2-0,https://replay.pokemonshowdown.com/gen8spikemuthcup-1698773559,https://replay.pokemonshowdown.com/gen8spikemuthcup-1698777502,N/A
10/30/2022 18:12:04,Top 8,Fire - Midwest,Rinkai - Midwest,Landorus-Therian / Regieleki / Rillaboom / Tapu Fini / Celesteela / Spectrier,Water - International,SeaSoil - International,Snom / Mimikyu / Vulpix-Alola / Rowlet / Slowpoke / Vaporeon,2-0,https://replay.pokemonshowdown.com/gen8spikemuthcup-1698852626-tajdcvf8m6d8ooti8oherb9fgb3s7ohpw,https://replay.pokemonshowdown.com/gen8spikemuthcup-1698852836-xtd4804kyhcmy4mspv8upek0fuyu9hopw,N/A
10/30/2022 18:30:31,Top 8,Electric - West Sea,Aaron - West Sea,Ninetales-Alola / Stakataka / Nidoqueen / Rillaboom / Incineroar / Urshifu-Rapid-Strike,Grass - RIT Incins,Watamawigi - RIT Incins,Goodra / Tsareena / Tornadus / Urshifu-Rapid-Strike / Incineroar / Landorus,2-1,https://replay.pokemonshowdown.com/gen8spikemuthcup-1698857427-whiyxbf3ornpc05tp3x9gdod9re441wpw,https://replay.pokemonshowdown.com/gen8spikemuthcup-1698858091-m1o7x883xnwurjrk0h51e980e7l5tq1pw,https://replay.pokemonshowdown.com/gen8spikemuthcup-1698858246-txj3u0o6y960hq5ge10xm559p7e0t6upw
10/30/2022 19:30:09,Top 8,Fire - Penn State,CatacIyzmic - Penn State,Landorus / Incineroar / Rillaboom / Whimsicott / Stakataka / Zapdos,Water - Cambridge,Kepler - Cambridge,Heatran / Arctozolt / Rillaboom / Urshifu-Rapid-Strike / Ninetales-Alola / Landorus-Therian,2-1, https://replay.pokemonshowdown.com/gen8spikemuthcup-1698873098-254738dr9pml60oggxtssmvzci4ag7qpw, https://replay.pokemonshowdown.com/gen8spikemuthcup-1698873477-8geqx0jy5vwmr0u22myd53puqhtwkoupw,https://replay.pokemonshowdown.com/gen8spikemuthcup-1698873660-pdg560fuup36x2w5fwdtnghthddmoc7pw
10/30/2022 20:18:58,Top 8,Electric - West Sea,Alex - West Sea,Incineroar / Rillaboom / Spectrier / Urshifu-Rapid-Strike / Stakataka / Amoonguss,Grass - RIT Incins,hipicrit - RIT Incins,Whimsicott / Urshifu-Rapid-Strike / Togekiss / Rillaboom / Incineroar / Nihilego,2-0,https://play.pokemonshowdown.com/battle-gen8spikemuthcup-1698924070-6taq9lqki87ad6tgybdns9pon4a4uwkpw,https://replay.pokemonshowdown.com/gen8spikemuthcup-1698924267-9u91ybnge5cl46xmacdfvqlhveryvr0pw,N/A
10/30/2022 21:27:29,Top 8,Electric - West Sea,Anders Nordstrom - West Sea,Dragonite / Incineroar / Amoonguss / Porygon2 / Rillaboom / Stakataka,Grass - RIT Incins,Bran Flakes - RIT Incins,Tsareena / Urshifu-Rapid-Strike / Incineroar / Butterfree / Ninetales-Alola / Landorus,2-0,https://replay.pokemonshowdown.com/gen8spikemuthcup-1698959353,https://replay.pokemonshowdown.com/gen8spikemuthcup-1698962219,N/A
10/31/2022 9:59:31,Top 8,Water - International,K - International,Politoed / Kingdra / Zapdos / Incineroar / Kartana / Whimsicott,Fire - Midwest,DeathVenum - Midwest,Celesteela / Politoed / Regieleki / Tsareena / Urshifu-Rapid-Strike / Incineroar,2-0,https://replay.pokemonshowdown.com/gen8spikemuthcup-1696503239,https://replay.pokemonshowdown.com/gen8spikemuthcup-1696504171,N/A
11/3/2022 15:15:13,Top 8,Electric - Mid Atlantic,J - Mid Atlantic,Togekiss / Urshifu-* / Rillaboom / Garchomp / Entei / Nihilego,Water - International,Willy - International,Tapu Fini / Ferrothorn / Incineroar / Zapdos-Galar / Nidoqueen / Porygon2,2-1,https://replay.pokemonshowdown.com/gen8spikemuthcup-1701957898-70pa0cq3mvmi899ylccs0i6s0yxeybepw,https://replay.pokemonshowdown.com/gen8spikemuthcup-1701958287-s2914wu3haw4j0wia26mjtmkkw2langpw,https://replay.pokemonshowdown.com/gen8spikemuthcup-1701958536-msv9f62dlzlao5yc6i14xf1wxy67odhpw
11/5/2022 10:10:25,Top 4,Water - International,0riginalName - International,Tsareena / Celesteela / Tapu Fini / Whimsicott / Heatran / Nihilego,Electric - Mid Atlantic,Killua - Mid Atlantic,Suicune / Amoonguss / Entei / Rillaboom / Togekiss / Landorus,2-0,https://replay.pokemonshowdown.com/gen8spikemuthcup-1703353218-tofdj60lhzjaud51x1sas8phf36y7q3pw,https://replay.pokemonshowdown.com/gen8spikemuthcup-1703353318-zmuhme02u1x2ctlu8qjb0of7hh55we9pw,N/A
11/5/2022 11:45:42,Top 4,Electric - Mid Atlantic,Nano - Mid Atlantic,Goodra / Sylveon / Entei / Rillaboom / Urshifu-Rapid-Strike / Gengar,Water - International,K - International,Incineroar / Urshifu-Rapid-Strike / Rillaboom / Kommo-o / Celesteela / Regieleki,2-0,https://replay.pokemonshowdown.com/gen8spikemuthcup-1702924805-k4t2xoensb6kv9u6b1v9z4jmw7bjky2pw,https://replay.pokemonshowdown.com/gen8spikemuthcup-1702925026-ea52l7tbpsfk5qqqcrjz8ysp2744rkjpw,N/A
11/5/2022 14:44:58,Top 4,Electric - West Sea,Alex - West Sea,Incineroar / Rillaboom / Urshifu-Rapid-Strike / Amoonguss / Spectrier / Stakataka,Fire - Penn State,CatacIyzmic - Penn State,Landorus / Sylveon / Suicune / Entei / Amoonguss / Rillaboom,2-1,https://replay.pokemonshowdown.com/gen8spikemuthcup-1703517624-g2gjjengsu49ls509efj8d3c7bhtf9hpw,https://play.pokemonshowdown.com/battle-gen8spikemuthcup-1703517918-rzriqfbkqrcusi0bkw3s3mqnbp98yl2pw,https://replay.pokemonshowdown.com/gen8spikemuthcup-1703518029-lmtgrgdevatlxf5xu2xeom7r895o9ybpw
11/5/2022 16:27:02,Top 4,Water - International,SeaSoil - International,Sylveon / Moltres-Galar / Incineroar / Urshifu-Rapid-Strike / Rillaboom / Amoonguss,Electric - Mid Atlantic,Seven_Poke - Mid Atlantic,Rillaboom / Urshifu-Rapid-Strike / Incineroar / Regieleki / Landorus / Togekiss,2-1,https://replay.pokemonshowdown.com/gen8spikemuthcup-1703601818,https://replay.pokemonshowdown.com/gen8spikemuthcup-1703601973,https://replay.pokemonshowdown.com/gen8spikemuthcup-1703602144
11/5/2022 18:09:40,Top 4,Fire - Penn State,EclipseOwl - Penn State,Kommo-o / Amoonguss / Nihilego / Incineroar / Tapu Fini / Rillaboom,Electric - West Sea,Bob - West Sea,Cresselia / Politoed / Tapu Bulu / Escavalier / Thundurus-Therian / Incineroar,2-0,https://replay.pokemonshowdown.com/gen8spikemuthcup-1703187511-jmo5htd9ur3c2hu8wik0c2lqwamm8d7pw,https://replay.pokemonshowdown.com/gen8spikemuthcup-1703187662-0h2v457h7rz8hfkzf1yc9p5x2rafi2epw,N/A
11/5/2022 20:21:44,Top 4,Fire - Penn State,Dale - Penn State,Regieleki / Tapu Koko / Zapdos-Galar / Tornadus / Entei / Urshifu-Single-Strike,Electric - West Sea,Miggle.EXE - West Sea,Tsareena / Landorus / Entei / Suicune / Regieleki / Celesteela,2-0, https://replay.pokemonshowdown.com/gen8spikemuthcup-1703751988, https://replay.pokemonshowdown.com/gen8spikemuthcup-1703752357,N/A
11/6/2022 16:26:18,Top 4,Electric - Mid Atlantic,Sean Gray - Mid Atlantic,Spectrier / Amoonguss / Nihilego / Rillaboom / Incineroar / Urshifu-Rapid-Strike,Water - International,Araluwen - International,Urshifu-Rapid-Strike / Crobat / Landorus / Rillaboom / Duraludon / Incineroar,2-0,https://replay.pokemonshowdown.com/gen8spikemuthcup-1704367969-k5y76trkyorriioz8j0zbx9nzr4pi81pw,https://replay.pokemonshowdown.com/gen8spikemuthcup-1704368597-kwuqnq4n8ltyk4878m11munt51mu4w4pw,N/A
11/6/2022 16:41:19,Top 4,Electric - Mid Atlantic,J - Mid Atlantic,Togekiss / Urshifu-Rapid-Strike / Rillaboom / Garchomp / Entei / Nihilego,Water - International,Willy - International,Tapu Fini / Ferrothorn / Incineroar / Zapdos-Galar / Nidoqueen / Porygon2,2-1,https://replay.pokemonshowdown.com/gen8spikemuthcup-1701957898-70pa0cq3mvmi899ylccs0i6s0yxeybepw,https://replay.pokemonshowdown.com/gen8spikemuthcup-1701958287-s2914wu3haw4j0wia26mjtmkkw2langpw,https://replay.pokemonshowdown.com/gen8spikemuthcup-1701958536-msv9f62dlzlao5yc6i14xf1wxy67odhpw
11/6/2022 18:07:57,Top 4,Electric - West Sea,Aaron - West Sea,Ninetales-Alola / Stakataka / Nidoqueen / Rillaboom / Incineroar / Urshifu-Rapid-Strike,Fire - Penn State,Thud - Penn State,Tyranitar / Incineroar / Tapu Koko / Landorus / Amoonguss / Suicune,2-0,https://replay.pokemonshowdown.com/gen8spikemuthcup-1704433941-ziqscr32nbg1kukp3zeu5ot0y3kqvhepw,https://replay.pokemonshowdown.com/gen8spikemuthcup-1704434157-jsw8rd5xgm32oo2urtag28oj80kpzenpw,n/a
11/6/2022 18:55:03,Top 4,Fire - Penn State,Turtle - Penn State,Tsareena / Entei / Regieleki / Urshifu-Single-Strike / Suicune / Cresselia,Electric - West Sea,Joe - West Sea,Cresselia / Politoed / Tapu Bulu / Escavalier / Thundurus-Therian / Incineroar,2-0,https://replay.pokemonshowdown.com/gen8spikemuthcup-1704460008,https://replay.pokemonshowdown.com/gen8spikemuthcup-1704460168,N/A
11/12/2022 15:28:30,Finals,Fire - Penn State,EclipseOwl - Penn State,Kommo-o / Amoonguss / Nihilego / Incineroar / Tapu Fini / Rillaboom,Electric - Mid Atlantic,Seven_Poke - Mid Atlantic,Landorus / Rillaboom / Porygon2 / Urshifu-Rapid-Strike / Incineroar / Sylveon,2-1,https://replay.pokemonshowdown.com/gen8spikemuthcup-1709238183-hu1fpbofoysw7v6hi06g7484j5618a1pw,https://replay.pokemonshowdown.com/gen8spikemuthcup-1709238479-u62t3dds9q7tpha2q4ujiemtn5pixvlpw,https://replay.pokemonshowdown.com/gen8spikemuthcup-1709238561-wcmegazj42ft3jzpruh0wn1w3ebrkq2pw
11/12/2022 20:31:52,Finals,Fire - Penn State,Turtle - Penn State,Gengar / Entei / Porygon2 / Regieleki / Urshifu-Rapid-Strike / Rillaboom,Electric - Mid Atlantic,J - Mid Atlantic,Mandibuzz / Entei / Nihilego / Indeedee-F / Kartana / Dracovish,2-0,https://replay.pokemonshowdown.com/gen8spikemuthcup-1709425961-9s5gs46wzoief9qjtxwgujqbxkf12p0pw,https://replay.pokemonshowdown.com/gen8spikemuthcup-1709426084-oyi1q4vfwppijt6i7f348oog8qsbxiypw,N/A
11/12/2022 21:19:20,Finals,Electric - Mid Atlantic,Killua - Mid Atlantic,Rillaboom / Urshifu-Rapid-Strike / Sylveon / Landorus / Indeedee-F / Incineroar,Fire - Penn State,Dale - Penn State,Incineroar / Rillaboom / Urshifu-Rapid-Strike / Stakataka / Landorus / Porygon2,2-0,https://replay.pokemonshowdown.com/battle-gen8spikemuthcup-1709465466-mahik7meuxlqyjzn7tyzjkqr14tq0qcpw,https://replay.pokemonshowdown.com/battle-gen8spikemuthcup-1709465829-chz51sck4t5gngj5jgkn4jlf72dogewpw,N/A
11/12/2022 21:35:40,Finals,Electric - Mid Atlantic,Nano - Mid Atlantic,Articuno-Galar / Urshifu-Rapid-Strike / Incineroar / Regieleki / Rillaboom / Sylveon,Fire - Penn State,Thud - Penn State,Landorus / Regieleki / Entei / Rillaboom / Urshifu-Rapid-Strike / Grimmsnarl,2-1,https://replay.pokemonshowdown.com/gen8spikemuthcup-1708617541,https://replay.pokemonshowdown.com/gen8spikemuthcup-1708617682,https://replay.pokemonshowdown.com/gen8spikemuthcup-1708617874
11/13/2022 14:25:22,Finals,Fire - Penn State,CatacIyzmic - Penn State,Gengar / Whimsicott / Nihilego / Urshifu-Single-Strike / Incineroar / Tsareena,Electric - Mid Atlantic,Gazoney - Mid Atlantic,Incineroar / Urshifu-Rapid-Strike / Rillaboom / Nihilego / Mamoswine / Zapdos,2-0,https://replay.pokemonshowdown.com/gen8spikemuthcup-1709958417-j3vo9mdmg93ccftasjx5ah1o19bqcvipw,https://replay.pokemonshowdown.com/gen8spikemuthcup-1709958637-jfmx05kzch1cj4lsqux5r9oj9p8j65wpw,N/A